sapl_id,tipo,numero,ano,conjunto_analise,ancora_adi,A1_dias_pl_lei,A2_urgencia,A3_parecer_plenario,A4_votacao_sem_nominal,A5_unanime,A6_sem_votacao_registrada,A7_dezembro,B1_n_alvos_em_escopo,B2_verbo_supressivo,B3_reincidencia_autor,B4_alvo_mais_emendado,B5_n_alvos,C1_retorica_verde,C2_eufemismo,C3_delegacao_executivo,C4_n_revogacoes,evidencias
366,Lei Complementar,233,2000,False,False,,False,False,False,False,True,False,0,True,0,0,4,False,False,False,3,"{""B2"": ""Revoga integralmente → 52/1991; Revoga integralmente → 152/1996; Revoga integralmente → 203/1998""}"
388,Lei Complementar,255,2002,False,False,,False,False,False,False,True,False,0,False,0,0,0,False,False,False,0,{}
611,Lei ordinária,88,1986,False,False,,False,False,False,False,True,False,0,False,0,0,0,True,False,False,0,"{""C1"": ""ementa casa «MEIO AMBIENTE»""}"
717,Lei ordinária,194,1987,False,False,,False,False,False,False,True,True,0,False,0,0,0,False,False,False,0,"{""A7"": ""promulgada em 1987-12-28""}"
3122,Lei ordinária,1145,2002,False,False,,False,False,False,False,True,True,0,False,0,0,0,False,False,False,0,"{""A7"": ""promulgada em 2002-12-12""}"
5019,Lei Complementar,581,2010,True,False,1,True,False,False,False,True,False,0,False,38,0,0,True,False,False,4,"{""A1"": ""apresentada 2010-06-29 → norma 2010-06-30"", ""A2"": ""tramitação com urgente=true no SAPL"", ""B3"": ""Poder Executivo assina outras 38 do conjunto"", ""C1"": ""ementa casa «PROTEÇ»""}"
5039,Lei Complementar,586,2010,True,False,49,True,False,False,False,True,False,1,True,38,1,1,True,False,False,1,"{""A1"": ""apresentada 2010-05-31 → norma 2010-07-19"", ""A2"": ""tramitação com urgente=true no SAPL"", ""B1"": ""revoga Lei Complementar 233/2000 [inferido]"", ""B2"": ""revoga → 233/2000"", ""B3"": ""Poder Executivo assina outras 38 do conjunto"", ""B4"": ""alvo mais emendado tem 1 alterações registradas"", ""C1"": ""ementa casa «SUSTENT»""}"
5040,Lei Complementar,587,2010,True,False,49,True,False,False,False,True,False,1,True,38,1,1,False,False,False,1,"{""A1"": ""apresentada 2010-05-31 → norma 2010-07-19"", ""A2"": ""tramitação com urgente=true no SAPL"", ""B1"": ""revoga Lei Complementar 233/2000 [inferido]"", ""B2"": ""revoga → 233/2000"", ""B3"": ""Poder Executivo assina outras 38 do conjunto"", ""B4"": ""alvo mais emendado tem 1 alterações registradas""}"
5041,Lei Complementar,588,2010,True,False,49,True,False,False,False,True,False,1,True,38,1,1,False,False,False,1,"{""A1"": ""apresentada 2010-05-31 → norma 2010-07-19"", ""A2"": ""tramitação com urgente=true no SAPL"", ""B1"": ""revoga Lei Complementar 233/2000 [inferido]"", ""B2"": ""revoga → 233/2000"", ""B3"": ""Poder Executivo assina outras 38 do conjunto"", ""B4"": ""alvo mais emendado tem 1 alterações registradas""}"
5042,Lei Complementar,585,2010,True,False,49,True,False,False,False,True,False,0,False,38,0,0,True,False,False,0,"{""A1"": ""apresentada 2010-05-31 → norma 2010-07-19"", ""A2"": ""tramitação com urgente=true no SAPL"", ""B3"": ""Poder Executivo assina outras 38 do conjunto"", ""C1"": ""ementa casa «MEIO AMBIENTE»""}"
5043,Lei Complementar,589,2010,True,False,49,True,False,False,False,True,False,1,True,38,1,1,True,False,False,1,"{""A1"": ""apresentada 2010-05-31 → norma 2010-07-19"", ""A2"": ""tramitação com urgente=true no SAPL"", ""B1"": ""revoga Lei Complementar 233/2000 [inferido]"", ""B2"": ""revoga → 233/2000"", ""B3"": ""Poder Executivo assina outras 38 do conjunto"", ""B4"": ""alvo mais emendado tem 1 alterações registradas"", ""C1"": ""ementa casa «SUSTENT»""}"
5044,Lei Complementar,584,2010,True,False,50,True,False,False,False,True,False,0,False,38,0,0,True,False,False,0,"{""A1"": ""apresentada 2010-05-31 → norma 2010-07-20"", ""A2"": ""tramitação com urgente=true no SAPL"", ""B3"": ""Poder Executivo assina outras 38 do conjunto"", ""C1"": ""ementa casa «SUSTENT»""}"
5167,Lei Complementar,600,2011,True,False,4,True,False,False,False,True,False,0,False,38,0,0,False,False,False,0,"{""A1"": ""apresentada 2011-01-06 → norma 2011-01-10"", ""A2"": ""tramitação com urgente=true no SAPL"", ""B3"": ""Poder Executivo assina outras 38 do conjunto""}"
5229,Lei ordinária,2425,2011,True,False,701,False,False,False,False,True,False,0,False,0,0,0,False,False,False,0,"{""A1"": ""apresentada 2009-04-01 → norma 2011-03-03""}"
5387,Lei ordinária,2531,2011,True,False,518,False,False,False,False,True,False,0,False,0,0,0,False,False,False,0,"{""A1"": ""apresentada 2010-02-22 → norma 2011-07-25""}"
5399,Lei ordinária,2508,2011,True,False,99,False,False,False,False,True,False,0,False,0,1,1,False,False,False,0,"{""A1"": ""apresentada 2011-03-29 → norma 2011-07-06"", ""B4"": ""alvo mais emendado tem 1 alterações registradas""}"
5424,Lei ordinária,2541,2011,True,False,47,False,False,False,False,True,False,1,False,12,1,1,True,False,False,0,"{""A1"": ""apresentada 2011-06-30 → norma 2011-08-16"", ""B1"": ""Altera Lei ordinária 890/2000 [registrado]"", ""B3"": ""Coletiva assina outras 12 do conjunto"", ""B4"": ""alvo mais emendado tem 1 alterações registradas"", ""C1"": ""ementa casa «AMBIENTAL»""}"
5479,Lei Complementar,633,2011,True,False,21,False,False,False,False,True,False,2,True,38,0,2,True,False,False,2,"{""A1"": ""apresentada 2011-08-23 → norma 2011-09-13"", ""B1"": ""Revoga integralmente Lei ordinária 692/1996 [registrado]; Revoga parcialmente Lei Complementar 581/2010 [registrado]"", ""B2"": ""Revoga integralmente → 692/1996; Revoga parcialmente → 581/2010"", ""B3"": ""Poder Executivo assina outras 38 do conjunto"", ""C1"": ""ementa casa «PROTEÇ»""}"
5485,Lei ordinária,2583,2011,True,False,75,False,False,False,False,True,False,0,False,1,0,0,True,False,False,0,"{""A1"": ""apresentada 2011-08-04 → norma 2011-10-18"", ""B3"": ""EDSON MARTINS assina outras 1 do conjunto"", ""C1"": ""ementa casa «AMBIENTAL»""}"
5496,Lei ordinária,2571,2011,True,False,165,False,False,False,False,True,False,0,False,1,0,0,False,False,False,0,"{""A1"": ""apresentada 2011-04-28 → norma 2011-10-10"", ""B3"": ""LUIZINHO GOEBEL assina outras 1 do conjunto""}"
5711,Lei Complementar,664,2012,True,False,222,False,False,False,False,True,False,0,False,0,0,0,False,False,False,0,"{""A1"": ""apresentada 2011-09-28 → norma 2012-05-07""}"
5999,Lei ordinária,2907,2012,True,False,97,False,False,False,False,True,True,0,False,38,0,0,False,False,True,0,"{""A1"": ""apresentada 2012-08-28 → norma 2012-12-03"", ""A7"": ""promulgada em 2012-12-03"", ""B3"": ""Poder Executivo assina outras 38 do conjunto"", ""C3"": ""ementa casa «AUTORIZA O PODER EXECUTIVO»""}"
6071,Lei ordinária,2962,2013,True,False,43,False,False,False,False,True,False,0,False,0,0,0,False,False,False,0,"{""A1"": ""apresentada 2012-11-28 → norma 2013-01-10""}"
6149,Lei ordinária,2967,2013,True,False,216,True,False,False,False,True,False,0,False,38,0,0,False,False,False,0,"{""A1"": ""apresentada 2012-08-01 → norma 2013-03-05"", ""A2"": ""tramitação com urgente=true no SAPL"", ""B3"": ""Poder Executivo assina outras 38 do conjunto""}"
6181,Lei ordinária,2996,2013,True,False,311,True,False,False,False,True,False,0,False,1,0,0,True,False,False,0,"{""A1"": ""apresentada 2012-05-08 → norma 2013-03-15"", ""A2"": ""tramitação com urgente=true no SAPL"", ""B3"": ""HERMINIO COELHO assina outras 1 do conjunto"", ""C1"": ""ementa casa «AMBIENTAL»""}"
6451,Lei ordinária,3210,2013,True,False,156,False,False,True,True,False,False,0,False,38,0,0,True,False,False,0,"{""A1"": ""apresentada 2013-04-30 → norma 2013-10-03"", ""A4"": ""2013-09-24: 18S/0N/0A; 2013-09-24: 18S/0N/0A; 2013-09-24: 17S/0N/0A"", ""A5"": ""2013-09-24: 18S/0N/0A; 2013-09-24: 18S/0N/0A; 2013-09-24: 17S/0N/0A"", ""B3"": ""Poder Executivo assina outras 38 do conjunto"", ""C1"": ""ementa casa «MEIO AMBIENTE»""}"
6481,Lei ordinária,3213,2013,True,False,107,False,False,True,False,False,False,0,False,1,0,0,False,False,False,0,"{""A1"": ""apresentada 2013-06-25 → norma 2013-10-10"", ""A4"": ""2013-08-06: 22S/0N/1A; 2013-08-06: 19S/0N/1A"", ""A5"": ""2013-08-06: 22S/0N/1A; 2013-08-06: 19S/0N/1A"", ""B3"": ""HERMINIO COELHO assina outras 1 do conjunto""}"
6545,Lei ordinária,3258,2013,True,False,216,False,False,False,False,True,False,0,False,1,0,0,True,False,False,0,"{""A1"": ""apresentada 2013-04-23 → norma 2013-11-25"", ""B3"": ""LUIZINHO GOEBEL assina outras 1 do conjunto"", ""C1"": ""ementa casa «AMBIENTAL»""}"
6639,Lei Complementar,762,2014,True,False,1,False,False,False,True,False,False,0,False,38,0,0,True,False,False,0,"{""A1"": ""apresentada 2014-02-26 → norma 2014-02-27"", ""A4"": ""2014-02-26: 13S/0N/0A; 2014-02-26: 14S/0N/0A"", ""A5"": ""2014-02-26: 13S/0N/0A; 2014-02-26: 14S/0N/0A"", ""B3"": ""Poder Executivo assina outras 38 do conjunto"", ""C1"": ""ementa casa «CONSERVAÇ»""}"
6640,Lei ordinária,3317,2014,True,False,1,False,False,True,True,False,False,0,False,38,0,0,True,False,True,0,"{""A1"": ""apresentada 2014-02-26 → norma 2014-02-27"", ""A4"": ""2014-02-26: 14S/0N/0A; 2014-02-26: 14S/0N/0A"", ""A5"": ""2014-02-26: 14S/0N/0A; 2014-02-26: 14S/0N/0A"", ""B3"": ""Poder Executivo assina outras 38 do conjunto"", ""C1"": ""ementa casa «CONSERVAÇ»"", ""C3"": ""ementa casa «AUTORIZA O PODER EXECUTIVO»""}"
6870,Lei ordinária,3437,2014,True,False,112,False,False,True,True,False,False,0,True,38,1,3,False,False,False,2,"{""A1"": ""apresentada 2014-05-20 → norma 2014-09-09"", ""A4"": ""2014-09-02: 16S/0N/0A; 2014-09-02: 13S/0N/0A"", ""A5"": ""2014-09-02: 16S/0N/0A; 2014-09-02: 13S/0N/0A"", ""B2"": ""Revoga integralmente → 1861/2008; Revoga integralmente → 2555/2011"", ""B3"": ""Poder Executivo assina outras 38 do conjunto"", ""B4"": ""alvo mais emendado tem 1 alterações registradas""}"
7092,Lei Complementar,823,2015,True,False,99,True,False,False,False,True,False,0,False,38,0,1,True,False,False,0,"{""A1"": ""apresentada 2015-02-24 → norma 2015-06-03"", ""A2"": ""tramitação com urgente=true no SAPL"", ""B3"": ""Poder Executivo assina outras 38 do conjunto"", ""C1"": ""ementa casa «AMBIENTAL»""}"
7137,Lei ordinária,3591,2015,True,False,141,False,False,True,True,False,False,0,False,38,0,0,False,False,False,0,"{""A1"": ""apresentada 2015-02-24 → norma 2015-07-15"", ""A4"": ""2015-07-01: 24S/0N/0A; 2015-07-01: 22S/0N/0A"", ""A5"": ""2015-07-01: 24S/0N/0A; 2015-07-01: 22S/0N/0A"", ""B3"": ""Poder Executivo assina outras 38 do conjunto""}"
7173,Lei ordinária,3612,2015,True,False,133,False,False,True,True,False,False,0,False,1,0,0,False,False,False,0,"{""A1"": ""apresentada 2015-05-05 → norma 2015-09-15"", ""A4"": ""2015-07-01: 24S/0N/0A; 2015-07-01: 22S/0N/0A"", ""A5"": ""2015-07-01: 24S/0N/0A; 2015-07-01: 22S/0N/0A"", ""B3"": ""JESUINO BOABAID assina outras 1 do conjunto""}"
7234,Lei ordinária,3646,2015,True,False,83,False,False,True,True,False,False,0,False,38,0,0,True,False,True,0,"{""A1"": ""apresentada 2015-08-04 → norma 2015-10-26"", ""A4"": ""2015-10-20: 19S/0N/0A; 2015-10-20: 17S/0N/0A"", ""A5"": ""2015-10-20: 19S/0N/0A; 2015-10-20: 17S/0N/0A"", ""B3"": ""Poder Executivo assina outras 38 do conjunto"", ""C1"": ""ementa casa «MEIO AMBIENTE»"", ""C3"": ""ementa casa «AUTORIZA O PODER EXECUTIVO»""}"
7250,Lei ordinária,3655,2015,True,False,145,False,False,True,True,False,False,0,False,3,0,0,True,False,False,0,"{""A1"": ""apresentada 2015-06-17 → norma 2015-11-09"", ""A4"": ""2015-09-09: 19S/0N/0A; 2015-09-09: 17S/0N/0A"", ""A5"": ""2015-09-09: 19S/0N/0A; 2015-09-09: 17S/0N/0A"", ""B3"": ""LAERTE GOMES assina outras 3 do conjunto"", ""C1"": ""ementa casa «AMBIENTAL»""}"
7252,Lei ordinária,3653,2015,True,False,90,False,False,True,True,False,False,0,False,0,0,0,False,False,False,0,"{""A1"": ""apresentada 2015-08-11 → norma 2015-11-09"", ""A4"": ""2015-09-22: 19S/0N/0A; 2015-09-22: 16S/0N/0A"", ""A5"": ""2015-09-22: 19S/0N/0A; 2015-09-22: 16S/0N/0A""}"
7291,Lei ordinária,3679,2015,True,False,152,False,False,True,True,False,False,0,False,3,0,0,False,False,False,0,"{""A1"": ""apresentada 2015-07-01 → norma 2015-11-30"", ""A4"": ""2015-09-16: 20S/0N/0A; 2015-09-16: 15S/0N/0A; 2015-09-29: 22S/0N/0A; 2015-09-29: 18S/0N/0A"", ""A5"": ""2015-09-16: 20S/0N/0A; 2015-09-16: 15S/0N/0A; 2015-09-29: 22S/0N/0A; 2015-09-29: 18S/0N/0A"", ""B3"": ""ALEX REDANO assina outras 3 do conjunto""}"
7303,Lei ordinária,3686,2015,True,True,14,False,False,True,True,False,True,0,False,38,0,0,True,False,False,0,"{""A1"": ""apresentada 2015-11-24 → norma 2015-12-08"", ""A4"": ""2015-12-02: 21S/0N/0A; 2015-12-02: 18S/0N/0A"", ""A5"": ""2015-12-02: 21S/0N/0A; 2015-12-02: 18S/0N/0A"", ""A7"": ""promulgada em 2015-12-08"", ""B3"": ""Poder Executivo assina outras 38 do conjunto"", ""C1"": ""ementa casa «AMBIENTAL»""}"
7422,Lei ordinária,3769,2016,True,False,13,False,False,True,True,False,False,1,False,38,6,1,True,False,False,0,"{""A1"": ""apresentada 2016-03-08 → norma 2016-03-21"", ""A4"": ""2016-03-16: 15S/0N/0A; 2016-03-16: 13S/0N/0A"", ""A5"": ""2016-03-16: 15S/0N/0A; 2016-03-16: 13S/0N/0A"", ""B1"": ""Altera Lei ordinária 3686/2015 [registrado]"", ""B3"": ""Poder Executivo assina outras 38 do conjunto"", ""B4"": ""alvo mais emendado tem 6 alterações registradas"", ""C1"": ""ementa casa «AMBIENTAL»""}"
7442,Lei ordinária,3773,2016,True,False,149,False,False,True,True,False,False,0,False,1,0,0,True,False,False,0,"{""A1"": ""apresentada 2015-11-03 → norma 2016-03-31"", ""A4"": ""2016-03-08: 16S/0N/0A; 2016-03-08: 16S/0N/0A"", ""A5"": ""2016-03-08: 16S/0N/0A; 2016-03-08: 16S/0N/0A"", ""B3"": ""EDSON MARTINS assina outras 1 do conjunto"", ""C1"": ""ementa casa «MEIO AMBIENTE»""}"
7568,Lei Complementar,891,2016,True,False,6,False,False,False,True,False,False,0,False,38,1,2,True,False,False,0,"{""A1"": ""apresentada 2016-06-28 → norma 2016-07-04"", ""A4"": ""2016-06-28: 18S/0N/0A; 2016-06-28: 17S/0N/0A"", ""A5"": ""2016-06-28: 18S/0N/0A; 2016-06-28: 17S/0N/0A"", ""B3"": ""Poder Executivo assina outras 38 do conjunto"", ""B4"": ""alvo mais emendado tem 1 alterações registradas"", ""C1"": ""ementa casa «AMBIENTAL»""}"
7580,Lei Complementar,892,2016,True,False,6,False,False,False,False,False,False,1,False,38,1,1,False,False,False,0,"{""A1"": ""apresentada 2016-06-28 → norma 2016-07-04"", ""A4"": ""2016-06-28: 21S/1N/0A; 2016-06-28: 15S/0N/0A"", ""A5"": ""2016-06-28: 21S/1N/0A; 2016-06-28: 15S/0N/0A"", ""B1"": ""Altera Lei Complementar 233/2000 [registrado]"", ""B3"": ""Poder Executivo assina outras 38 do conjunto"", ""B4"": ""alvo mais emendado tem 1 alterações registradas""}"
7659,Resolução,353,2016,True,False,182,False,False,True,True,False,False,0,False,5,0,0,False,False,False,0,"{""A1"": ""apresentada 2016-03-08 → norma 2016-09-06"", ""A4"": ""2016-09-06: 13S/0N/0A"", ""A5"": ""2016-09-06: 13S/0N/0A"", ""B3"": ""MAURÃO DE CARVALHO assina outras 5 do conjunto""}"
7686,Lei ordinária,3918,2016,True,False,192,False,False,True,True,False,False,0,False,2,0,0,False,False,False,0,"{""A1"": ""apresentada 2016-04-05 → norma 2016-10-14"", ""A4"": ""2016-09-20: 15S/0N/0A; 2016-09-20: 14S/0N/0A"", ""A5"": ""2016-09-20: 15S/0N/0A; 2016-09-20: 14S/0N/0A"", ""B3"": ""JEAN OLIVEIRA assina outras 2 do conjunto""}"
7693,Lei ordinária,3925,2016,True,False,13,False,False,True,True,False,False,0,False,38,0,0,False,False,False,0,"{""A1"": ""apresentada 2016-10-04 → norma 2016-10-17"", ""A4"": ""2016-10-11: 18S/0N/0A; 2016-10-11: 17S/0N/0A"", ""A5"": ""2016-10-11: 18S/0N/0A; 2016-10-11: 17S/0N/0A"", ""B3"": ""Poder Executivo assina outras 38 do conjunto""}"
7718,Lei Complementar,904,2016,True,False,198,False,False,False,True,False,False,0,False,5,0,0,False,False,False,0,"{""A1"": ""apresentada 2016-04-19 → norma 2016-11-03"", ""A4"": ""2016-10-04: 14S/0N/0A; 2016-10-04: 14S/0N/0A"", ""A5"": ""2016-10-04: 14S/0N/0A; 2016-10-04: 14S/0N/0A"", ""B3"": ""MAURÃO DE CARVALHO assina outras 5 do conjunto""}"
7741,Lei ordinária,3935,2016,True,False,243,False,False,True,True,False,False,0,False,1,0,0,True,False,False,0,"{""A1"": ""apresentada 2016-03-30 → norma 2016-11-28"", ""A4"": ""2016-09-20: 15S/0N/0A; 2016-09-20: 14S/0N/0A"", ""A5"": ""2016-09-20: 15S/0N/0A; 2016-09-20: 14S/0N/0A"", ""B3"": ""CLEITON ROQUE assina outras 1 do conjunto"", ""C1"": ""ementa casa «SUSTENT»""}"
7755,Lei ordinária,3945,2016,True,False,6,False,False,True,True,False,True,0,False,38,0,0,True,False,False,0,"{""A1"": ""apresentada 2016-12-06 → norma 2016-12-12"", ""A4"": ""2016-12-06: 24S/0N/0A; 2016-12-06: 24S/0N/0A"", ""A5"": ""2016-12-06: 24S/0N/0A; 2016-12-06: 24S/0N/0A"", ""A7"": ""promulgada em 2016-12-12"", ""B3"": ""Poder Executivo assina outras 38 do conjunto"", ""C1"": ""ementa casa «AMBIENTAL»""}"
7758,Lei ordinária,3943,2016,True,False,6,False,False,True,True,False,True,0,False,38,0,0,True,False,False,0,"{""A1"": ""apresentada 2016-12-06 → norma 2016-12-12"", ""A4"": ""2016-12-06: 24S/0N/0A; 2016-12-06: 24S/0N/0A"", ""A5"": ""2016-12-06: 24S/0N/0A; 2016-12-06: 24S/0N/0A"", ""A7"": ""promulgada em 2016-12-12"", ""B3"": ""Poder Executivo assina outras 38 do conjunto"", ""C1"": ""ementa casa «PROTEÇ»""}"
7759,Lei ordinária,3941,2016,True,True,6,False,False,True,True,False,True,1,False,38,6,1,True,False,False,0,"{""A1"": ""apresentada 2016-12-06 → norma 2016-12-12"", ""A4"": ""2016-12-06: 24S/0N/0A; 2016-12-06: 24S/0N/0A"", ""A5"": ""2016-12-06: 24S/0N/0A; 2016-12-06: 24S/0N/0A"", ""A7"": ""promulgada em 2016-12-12"", ""B1"": ""Altera Lei ordinária 3686/2015 [registrado]"", ""B3"": ""Poder Executivo assina outras 38 do conjunto"", ""B4"": ""alvo mais emendado tem 6 alterações registradas"", ""C1"": ""ementa casa «AMBIENTAL»""}"
7761,Lei Complementar,918,2016,False,True,69,False,False,False,True,False,True,1,False,1,1,1,False,False,False,0,"{""A1"": ""apresentada 2016-10-11 → norma 2016-12-19"", ""A4"": ""2016-10-11: 14S/0N/0A; 2016-10-11: 17S/0N/0A"", ""A5"": ""2016-10-11: 14S/0N/0A; 2016-10-11: 17S/0N/0A"", ""A7"": ""promulgada em 2016-12-19"", ""B1"": ""Altera Lei Complementar 633/2011 [registrado]"", ""B3"": ""HERMINIO COELHO assina outras 1 do conjunto"", ""B4"": ""alvo mais emendado tem 1 alterações registradas""}"
7914,Lei ordinária,4044,2017,True,False,68,False,False,True,True,False,False,1,False,5,1,1,False,False,False,0,"{""A1"": ""apresentada 2017-02-15 → norma 2017-04-24"", ""A4"": ""2017-02-15: 19S/0N/0A; 2017-02-15: 16S/0N/0A"", ""A5"": ""2017-02-15: 19S/0N/0A; 2017-02-15: 16S/0N/0A"", ""B1"": ""Altera Lei ordinária 3925/2016 [registrado]"", ""B3"": ""MAURÃO DE CARVALHO assina outras 5 do conjunto"", ""B4"": ""alvo mais emendado tem 1 alterações registradas""}"
8053,Lei ordinária,4131,2017,True,False,111,False,False,False,False,True,False,1,False,5,6,1,True,False,False,0,"{""A1"": ""apresentada 2017-05-26 → norma 2017-09-14"", ""B1"": ""Altera Lei ordinária 3686/2015 [registrado]"", ""B3"": ""MAURÃO DE CARVALHO assina outras 5 do conjunto"", ""B4"": ""alvo mais emendado tem 6 alterações registradas"", ""C1"": ""ementa casa «AMBIENTAL»""}"
8092,Emenda Constitucional,125,2017,False,False,134,False,False,False,True,False,False,0,False,38,0,0,True,False,False,0,"{""A1"": ""apresentada 2017-05-30 → norma 2017-10-11"", ""A4"": ""2017-10-10: 16S/0N/0A; 2017-10-10: 16S/0N/0A"", ""A5"": ""2017-10-10: 16S/0N/0A; 2017-10-10: 16S/0N/0A"", ""B3"": ""Poder Executivo assina outras 38 do conjunto"", ""C1"": ""ementa casa «SUSTENT»""}"
8137,Lei ordinária,4141,2017,True,False,149,False,False,True,True,False,False,0,False,0,0,0,False,False,False,0,"{""A1"": ""apresentada 2017-04-25 → norma 2017-09-21"", ""A4"": ""2017-08-30: 17S/0N/0A; 2017-08-30: 16S/0N/0A"", ""A5"": ""2017-08-30: 17S/0N/0A; 2017-08-30: 16S/0N/0A""}"
8222,Lei ordinária,4223,2017,True,False,5,False,False,True,True,False,True,1,False,38,1,1,False,False,False,0,"{""A1"": ""apresentada 2017-12-13 → norma 2017-12-18"", ""A4"": ""2017-12-13: 19S/0N/0A; 2017-12-13: 17S/0N/0A"", ""A5"": ""2017-12-13: 19S/0N/0A; 2017-12-13: 17S/0N/0A"", ""A7"": ""promulgada em 2017-12-18"", ""B1"": ""Altera Lei ordinária 1841/2007 [registrado]"", ""B3"": ""Poder Executivo assina outras 38 do conjunto"", ""B4"": ""alvo mais emendado tem 1 alterações registradas""}"
8238,Lei ordinária,4228,2017,True,True,63,False,False,False,False,True,True,0,False,5,0,0,False,False,False,0,"{""A1"": ""apresentada 2017-10-19 → norma 2017-12-21"", ""A7"": ""promulgada em 2017-12-21"", ""B3"": ""MAURÃO DE CARVALHO assina outras 5 do conjunto""}"
8262,Decreto Legislativo,790,2018,True,True,1,False,False,True,True,False,False,0,False,12,0,0,False,False,False,0,"{""A1"": ""apresentada 2018-03-27 → norma 2018-03-28"", ""A4"": ""2018-03-27: 17S/0N/0A"", ""A5"": ""2018-03-27: 17S/0N/0A"", ""B3"": ""Coletiva assina outras 12 do conjunto""}"
8263,Decreto Legislativo,791,2018,True,True,1,False,False,True,True,False,False,0,False,12,0,0,False,False,False,0,"{""A1"": ""apresentada 2018-03-27 → norma 2018-03-28"", ""A4"": ""2018-03-27: 17S/0N/0A"", ""A5"": ""2018-03-27: 17S/0N/0A"", ""B3"": ""Coletiva assina outras 12 do conjunto""}"
8264,Decreto Legislativo,792,2018,True,True,1,False,False,True,True,False,False,0,False,12,0,0,True,False,False,0,"{""A1"": ""apresentada 2018-03-27 → norma 2018-03-28"", ""A4"": ""2018-03-27: 17S/0N/0A"", ""A5"": ""2018-03-27: 17S/0N/0A"", ""B3"": ""Coletiva assina outras 12 do conjunto"", ""C1"": ""ementa casa «SUSTENT»""}"
8265,Decreto Legislativo,793,2018,True,True,1,False,False,True,True,False,False,0,False,12,0,0,True,False,False,0,"{""A1"": ""apresentada 2018-03-27 → norma 2018-03-28"", ""A4"": ""2018-03-27: 17S/0N/0A"", ""A5"": ""2018-03-27: 17S/0N/0A"", ""B3"": ""Coletiva assina outras 12 do conjunto"", ""C1"": ""ementa casa «SUSTENT»""}"
8266,Decreto Legislativo,794,2018,True,True,1,False,False,True,True,False,False,0,False,12,0,0,True,False,False,0,"{""A1"": ""apresentada 2018-03-27 → norma 2018-03-28"", ""A4"": ""2018-03-27: 17S/0N/0A"", ""A5"": ""2018-03-27: 17S/0N/0A"", ""B3"": ""Coletiva assina outras 12 do conjunto"", ""C1"": ""ementa casa «SUSTENT»""}"
8267,Decreto Legislativo,795,2018,True,True,1,False,False,True,True,False,False,0,False,12,0,0,True,False,False,0,"{""A1"": ""apresentada 2018-03-27 → norma 2018-03-28"", ""A4"": ""2018-03-27: 17S/0N/0A"", ""A5"": ""2018-03-27: 17S/0N/0A"", ""B3"": ""Coletiva assina outras 12 do conjunto"", ""C1"": ""ementa casa «SUSTENT»""}"
8268,Decreto Legislativo,796,2018,True,True,1,False,False,True,True,False,False,0,False,12,0,0,True,False,False,0,"{""A1"": ""apresentada 2018-03-27 → norma 2018-03-28"", ""A4"": ""2018-03-27: 17S/0N/0A"", ""A5"": ""2018-03-27: 17S/0N/0A"", ""B3"": ""Coletiva assina outras 12 do conjunto"", ""C1"": ""ementa casa «PROTEÇ»""}"
8269,Decreto Legislativo,797,2018,True,True,1,False,False,True,True,False,False,0,False,12,0,0,False,False,False,0,"{""A1"": ""apresentada 2018-03-27 → norma 2018-03-28"", ""A4"": ""2018-03-27: 17S/0N/0A"", ""A5"": ""2018-03-27: 17S/0N/0A"", ""B3"": ""Coletiva assina outras 12 do conjunto""}"
8270,Decreto Legislativo,798,2018,True,True,1,False,False,True,True,False,False,0,False,12,0,0,False,False,False,0,"{""A1"": ""apresentada 2018-03-27 → norma 2018-03-28"", ""A4"": ""2018-03-27: 17S/0N/0A"", ""A5"": ""2018-03-27: 17S/0N/0A"", ""B3"": ""Coletiva assina outras 12 do conjunto""}"
8271,Decreto Legislativo,799,2018,True,True,1,False,False,True,True,False,False,0,False,12,0,0,False,False,False,0,"{""A1"": ""apresentada 2018-03-27 → norma 2018-03-28"", ""A4"": ""2018-03-27: 17S/0N/0A"", ""A5"": ""2018-03-27: 17S/0N/0A"", ""B3"": ""Coletiva assina outras 12 do conjunto""}"
8272,Decreto Legislativo,800,2018,True,True,1,False,False,True,True,False,False,0,False,12,0,0,False,False,False,0,"{""A1"": ""apresentada 2018-03-27 → norma 2018-03-28"", ""A4"": ""2018-03-27: 17S/0N/0A"", ""A5"": ""2018-03-27: 17S/0N/0A"", ""B3"": ""Coletiva assina outras 12 do conjunto""}"
8291,Decreto Legislativo,804,2018,True,False,3,False,False,True,True,False,False,0,False,0,0,0,True,False,False,0,"{""A1"": ""apresentada 2018-04-03 → norma 2018-04-06"", ""A4"": ""2018-04-05: 14S/0N/0A"", ""A5"": ""2018-04-05: 14S/0N/0A"", ""C1"": ""ementa casa «AMBIENTAL»""}"
8294,Lei ordinária,4247,2018,True,False,168,False,False,True,True,False,False,0,False,0,0,0,False,False,False,0,"{""A1"": ""apresentada 2017-10-19 → norma 2018-04-05"", ""A4"": ""2017-12-13: 24S/0N/0A; 2017-12-13: 23S/0N/0A"", ""A5"": ""2017-12-13: 24S/0N/0A; 2017-12-13: 23S/0N/0A""}"
8310,Decreto Legislativo,818,2018,True,False,23,True,False,True,True,False,False,0,False,5,0,0,False,False,False,0,"{""A1"": ""apresentada 2018-03-20 → norma 2018-04-12"", ""A2"": ""tramitação com urgente=true no SAPL"", ""A4"": ""2018-04-10: 23S/0N/0A"", ""A5"": ""2018-04-10: 23S/0N/0A"", ""B3"": ""MAURÃO DE CARVALHO assina outras 5 do conjunto""}"
8320,Lei Complementar,974,2018,True,False,657,False,False,False,False,False,False,1,False,38,1,1,True,False,False,0,"{""A1"": ""apresentada 2016-06-28 → norma 2018-04-16"", ""A4"": ""2018-04-11: 14S/9N/0A; 2018-04-11: 14S/9N/0A"", ""A5"": ""2018-04-11: 14S/9N/0A; 2018-04-11: 14S/9N/0A"", ""B1"": ""altera Lei Complementar 633/2011 [inferido]"", ""B3"": ""Poder Executivo assina outras 38 do conjunto"", ""B4"": ""alvo mais emendado tem 1 alterações registradas"", ""C1"": ""ementa casa «PROTEÇ»""}"
8352,Lei ordinária,4273,2018,True,False,82,False,False,True,True,False,False,1,False,0,1,1,False,False,False,0,"{""A1"": ""apresentada 2018-02-21 → norma 2018-05-14"", ""A4"": ""2018-03-13: 22S/0N/0A; 2018-03-13: 15S/0N/0A"", ""A5"": ""2018-03-13: 22S/0N/0A; 2018-03-13: 15S/0N/0A"", ""B1"": ""Altera Lei ordinária 3935/2016 [registrado]"", ""B4"": ""alvo mais emendado tem 1 alterações registradas""}"
8373,Lei ordinária,4283,2018,True,False,22,False,False,True,True,False,False,2,False,1,6,2,True,False,False,0,"{""A1"": ""apresentada 2018-04-24 → norma 2018-05-16"", ""A4"": ""2018-04-24: 24S/0N/0A; 2018-04-24: 17S/0N/0A"", ""A5"": ""2018-04-24: 24S/0N/0A; 2018-04-24: 17S/0N/0A"", ""B1"": ""Altera Lei ordinária 4131/2017 [registrado]; acrescenta Lei ordinária 3686/2015 [inferido]"", ""B3"": ""CLEITON ROQUE assina outras 1 do conjunto"", ""B4"": ""alvo mais emendado tem 6 alterações registradas"", ""C1"": ""ementa casa «AMBIENTAL»""}"
8484,Lei ordinária,4324,2018,True,False,70,False,False,True,True,False,False,0,False,38,1,1,True,False,False,0,"{""A1"": ""apresentada 2018-04-24 → norma 2018-07-03"", ""A4"": ""2018-06-26: 20S/0N/0A; 2018-06-26: 18S/0N/0A"", ""A5"": ""2018-06-26: 20S/0N/0A; 2018-06-26: 18S/0N/0A"", ""B3"": ""Poder Executivo assina outras 38 do conjunto"", ""B4"": ""alvo mais emendado tem 1 alterações registradas"", ""C1"": ""ementa casa «PROTEÇ»""}"
8506,Lei ordinária,4339,2018,True,False,49,False,False,True,True,False,False,0,False,1,0,0,True,False,False,0,"{""A1"": ""apresentada 2018-06-12 → norma 2018-07-31"", ""A4"": ""2018-07-03: 14S/0N/0A; 2018-07-03: 14S/0N/0A"", ""A5"": ""2018-07-03: 14S/0N/0A; 2018-07-03: 14S/0N/0A"", ""B3"": ""JESUINO BOABAID assina outras 1 do conjunto"", ""C1"": ""ementa casa «MEIO AMBIENTE»""}"
8567,Lei ordinária,4379,2018,True,True,31,False,False,True,True,False,False,0,False,3,0,0,False,False,False,0,"{""A1"": ""apresentada 2018-08-28 → norma 2018-09-28"", ""A4"": ""2018-08-28: 14S/0N/0A; 2018-08-28: 15S/0N/0A"", ""A5"": ""2018-08-28: 14S/0N/0A; 2018-08-28: 15S/0N/0A"", ""B3"": ""LAERTE GOMES assina outras 3 do conjunto""}"
8586,Lei Complementar,999,2018,True,True,21,False,False,False,True,False,False,0,False,38,0,0,False,False,False,0,"{""A1"": ""apresentada 2018-09-25 → norma 2018-10-16"", ""A4"": ""2018-09-25: 16S/0N/0A; 2018-09-25: 15S/0N/0A"", ""A5"": ""2018-09-25: 16S/0N/0A; 2018-09-25: 15S/0N/0A"", ""B3"": ""Poder Executivo assina outras 38 do conjunto""}"
8909,Lei ordinária,4513,2019,True,False,108,False,True,True,True,False,False,0,False,1,0,0,False,False,False,0,"{""A1"": ""apresentada 2019-02-19 → norma 2019-06-07"", ""A3"": ""nota taquigráfica de 2019-04-16 (parecer em plenário)"", ""A4"": ""2019-05-15: 20S/0N/0A; 2019-05-15: 13S/0N/0A"", ""A5"": ""2019-05-15: 20S/0N/0A; 2019-05-15: 13S/0N/0A"", ""B3"": ""JHONY PAIXÃO assina outras 1 do conjunto""}"
9000,Lei ordinária,4564,2019,True,False,157,False,False,True,True,False,False,1,False,0,6,1,True,False,False,0,"{""A1"": ""apresentada 2019-03-19 → norma 2019-08-23"", ""A4"": ""2019-04-16: 20S/0N/0A; 2019-04-16: 17S/0N/0A"", ""A5"": ""2019-04-16: 20S/0N/0A; 2019-04-16: 17S/0N/0A"", ""B1"": ""acrescenta Lei ordinária 3686/2015 [inferido]"", ""B4"": ""alvo mais emendado tem 6 alterações registradas"", ""C1"": ""ementa casa «Ambiental»""}"
9073,Lei ordinária,4589,2019,False,False,8,False,False,True,True,False,False,0,False,38,0,1,True,True,False,0,"{""A1"": ""apresentada 2019-09-10 → norma 2019-09-18"", ""A4"": ""2019-09-10: 20S/0N/0A; 2019-09-10: 17S/0N/0A"", ""A5"": ""2019-09-10: 20S/0N/0A; 2019-09-10: 17S/0N/0A"", ""B3"": ""Poder Executivo assina outras 38 do conjunto"", ""C1"": ""ementa casa «Sustent»"", ""C2"": ""ementa casa «Moderniz»""}"
9119,Lei ordinária,4610,2019,True,False,28,False,True,True,True,False,False,1,True,38,1,1,True,False,False,1,"{""A1"": ""apresentada 2019-09-17 → norma 2019-10-15"", ""A3"": ""nota taquigráfica de 2019-10-08 (parecer em plenário)"", ""A4"": ""2019-10-08: 23S/0N/0A; 2019-10-08: 20S/0N/0A"", ""A5"": ""2019-10-08: 23S/0N/0A; 2019-10-08: 20S/0N/0A"", ""B1"": ""Revoga integralmente Lei ordinária 890/2000 [registrado]"", ""B2"": ""Revoga integralmente → 890/2000"", ""B3"": ""Poder Executivo assina outras 38 do conjunto"", ""B4"": ""alvo mais emendado tem 1 alterações registradas"", ""C1"": ""ementa casa «ambiental»""}"
9120,Lei ordinária,4611,2019,True,False,28,False,True,True,True,False,False,0,False,38,0,0,True,False,False,0,"{""A1"": ""apresentada 2019-09-17 → norma 2019-10-15"", ""A3"": ""nota taquigráfica de 2019-10-08 (parecer em plenário)"", ""A4"": ""2019-10-08: 23S/0N/0A; 2019-10-08: 20S/0N/0A"", ""A5"": ""2019-10-08: 23S/0N/0A; 2019-10-08: 20S/0N/0A"", ""B3"": ""Poder Executivo assina outras 38 do conjunto"", ""C1"": ""ementa casa «Ambiental»""}"
9152,Lei ordinária,4632,2019,True,False,170,False,False,True,True,False,False,0,False,0,0,0,True,False,False,0,"{""A1"": ""apresentada 2019-05-14 → norma 2019-10-31"", ""A4"": ""2019-10-08: 23S/0N/0A; 2019-10-08: 20S/0N/0A"", ""A5"": ""2019-10-08: 23S/0N/0A; 2019-10-08: 20S/0N/0A"", ""C1"": ""ementa casa «meio ambiente»""}"
9161,Lei Complementar,1042,2019,False,True,15,False,True,False,False,False,False,0,False,0,0,2,False,False,True,0,"{""A1"": ""apresentada 2019-10-15 → norma 2019-10-30"", ""A3"": ""nota taquigráfica de 2019-10-22 (parecer em plenário)"", ""A4"": ""2019-10-22: 16S/1N/0A; 2019-10-22: 16S/1N/0A"", ""A5"": ""2019-10-22: 16S/1N/0A; 2019-10-22: 16S/1N/0A"", ""C3"": ""ementa casa «Autoriza o Poder Executivo»""}"
9174,Lei ordinária,4643,2019,True,False,2,False,False,True,True,False,False,0,False,38,0,0,False,False,True,0,"{""A1"": ""apresentada 2019-11-05 → norma 2019-11-07"", ""A4"": ""2019-11-05: 18S/0N/0A; 2019-11-05: 18S/0N/0A"", ""A5"": ""2019-11-05: 18S/0N/0A; 2019-11-05: 18S/0N/0A"", ""B3"": ""Poder Executivo assina outras 38 do conjunto"", ""C3"": ""ementa casa «Autoriza o Poder Executivo»""}"
9209,Lei ordinária,4664,2019,True,False,72,False,True,True,True,False,False,1,False,38,2,1,True,False,False,0,"{""A1"": ""apresentada 2019-09-17 → norma 2019-11-28"", ""A3"": ""nota taquigráfica de 2019-10-08 (parecer em plenário)"", ""A4"": ""2019-11-05: 18S/0N/0A; 2019-11-05: 18S/0N/0A"", ""A5"": ""2019-11-05: 18S/0N/0A; 2019-11-05: 18S/0N/0A"", ""B1"": ""Altera Lei ordinária 3945/2016 [registrado]"", ""B3"": ""Poder Executivo assina outras 38 do conjunto"", ""B4"": ""alvo mais emendado tem 2 alterações registradas"", ""C1"": ""ementa casa «Ambiental»""}"
9215,Lei ordinária,4670,2019,True,False,59,False,True,True,True,False,True,0,False,3,0,0,False,True,False,0,"{""A1"": ""apresentada 2019-10-08 → norma 2019-12-06"", ""A3"": ""nota taquigráfica de 2019-11-12 (parecer em plenário)"", ""A4"": ""2019-11-12: 21S/0N/0A; 2019-11-12: 19S/0N/0A; 2019-11-13: 20S/0N/0A"", ""A5"": ""2019-11-12: 21S/0N/0A; 2019-11-12: 19S/0N/0A; 2019-11-13: 20S/0N/0A"", ""A7"": ""promulgada em 2019-12-06"", ""B3"": ""LAERTE GOMES assina outras 3 do conjunto"", ""C2"": ""ementa casa «simplific»""}"
9301,Lei ordinária,4725,2020,True,False,195,False,False,True,True,False,False,0,False,0,0,0,False,False,False,0,"{""A1"": ""apresentada 2019-09-24 → norma 2020-04-06"", ""A4"": ""2020-03-18: 19S/0N/0A; 2020-03-18: 18S/0N/0A"", ""A5"": ""2020-03-18: 19S/0N/0A; 2020-03-18: 18S/0N/0A""}"
9335,Lei ordinária,4748,2020,False,False,20,False,True,True,True,False,False,0,False,38,0,0,True,False,True,0,"{""A1"": ""apresentada 2020-04-15 → norma 2020-05-05"", ""A3"": ""nota taquigráfica de 2020-04-29 (parecer em plenário)"", ""A4"": ""2020-04-29: 23S/0N/0A; 2020-04-29: 19S/0N/0A"", ""A5"": ""2020-04-29: 23S/0N/0A; 2020-04-29: 19S/0N/0A"", ""B3"": ""Poder Executivo assina outras 38 do conjunto"", ""C1"": ""ementa casa «Proteç»"", ""C3"": ""ementa casa «Autoriza o Poder Executivo»""}"
9466,Lei ordinária,4844,2020,True,False,273,False,False,True,True,False,False,1,False,0,2,1,False,False,False,0,"{""A1"": ""apresentada 2019-12-03 → norma 2020-09-01"", ""A4"": ""2020-07-28: 23S/0N/0A; 2020-07-28: 19S/0N/0A"", ""A5"": ""2020-07-28: 23S/0N/0A; 2020-07-28: 19S/0N/0A"", ""B1"": ""Altera Lei ordinária 2508/2011 [registrado]"", ""B4"": ""alvo mais emendado tem 2 alterações registradas""}"
9528,Lei Complementar,1070,2020,False,False,94,False,True,False,True,False,False,1,True,38,0,6,False,False,False,6,"{""A1"": ""apresentada 2020-08-25 → norma 2020-11-27"", ""A3"": ""nota taquigráfica de 2020-11-24 (parecer em plenário)"", ""A4"": ""2020-11-24: 16S/0N/0A; 2020-11-24: 17S/0N/0A"", ""A5"": ""2020-11-24: 16S/0N/0A; 2020-11-24: 17S/0N/0A"", ""B1"": ""Revoga integralmente Lei ordinária 547/1993 [registrado]"", ""B2"": ""Revoga integralmente → 75/1993; Revoga integralmente → 547/1993; Revoga integralmente → 167/1996; Revoga integralmente → 198/1997; Revoga integralmente → 223/1999; Revoga integralmente → 626/2011"", ""B3"": ""Poder Executivo assina outras 38 do conjunto""}"
9530,Lei ordinária,4887,2020,True,False,105,False,True,True,True,False,False,1,False,3,6,1,True,False,False,0,"{""A1"": ""apresentada 2020-08-11 → norma 2020-11-24"", ""A3"": ""nota taquigráfica de 2020-08-18 (parecer em plenário)"", ""A4"": ""2020-08-18: 22S/0N/0A; 2020-08-18: 16S/0N/0A"", ""A5"": ""2020-08-18: 22S/0N/0A; 2020-08-18: 16S/0N/0A"", ""B1"": ""Altera Lei ordinária 3686/2015 [registrado]"", ""B3"": ""LEBRÃO assina outras 3 do conjunto"", ""B4"": ""alvo mais emendado tem 6 alterações registradas"", ""C1"": ""ementa casa «Ambiental»""}"
9726,Lei Complementar,1089,2021,True,True,240,False,False,False,True,False,False,1,True,38,0,1,True,False,False,1,"{""A1"": ""apresentada 2020-09-22 → norma 2021-05-20"", ""A4"": ""2021-04-20: 17S/0N/0A; 2021-04-20: 18S/0N/0A"", ""A5"": ""2021-04-20: 17S/0N/0A; 2021-04-20: 18S/0N/0A"", ""B1"": ""revoga Lei ordinária 1146/2002 [inferido]"", ""B2"": ""revoga → 1146/2002"", ""B3"": ""Poder Executivo assina outras 38 do conjunto"", ""C1"": ""ementa casa «Sustent»""}"
9854,Lei Complementar,1094,2021,True,True,66,False,True,False,True,False,False,1,True,2,0,1,True,False,False,1,"{""A1"": ""apresentada 2021-05-25 → norma 2021-07-30"", ""A3"": ""nota taquigráfica de 2021-07-06 (parecer em plenário)"", ""A4"": ""2021-07-06: 18S/0N/0A; 2021-07-06: 16S/0N/0A"", ""A5"": ""2021-07-06: 18S/0N/0A; 2021-07-06: 16S/0N/0A"", ""B1"": ""revoga Lei Complementar 1089/2021 [inferido]"", ""B2"": ""revoga → 1089/2021"", ""B3"": ""JEAN OLIVEIRA assina outras 2 do conjunto"", ""C1"": ""ementa casa «Sustent»""}"
9855,Lei Complementar,1095,2021,True,True,66,False,True,False,True,False,False,1,False,3,0,1,True,False,False,0,"{""A1"": ""apresentada 2021-05-25 → norma 2021-07-30"", ""A3"": ""nota taquigráfica de 2021-07-06 (parecer em plenário)"", ""A4"": ""2021-07-06: 19S/0N/0A; 2021-07-06: 15S/0N/0A"", ""A5"": ""2021-07-06: 19S/0N/0A; 2021-07-06: 15S/0N/0A"", ""B1"": ""dá nova redação Lei Complementar 1089/2021 [inferido]"", ""B3"": ""LEBRÃO assina outras 3 do conjunto"", ""C1"": ""ementa casa «Sustent»""}"
9856,Lei Complementar,1096,2021,True,True,59,False,True,False,True,False,False,1,False,0,0,1,True,False,False,0,"{""A1"": ""apresentada 2021-06-01 → norma 2021-07-30"", ""A3"": ""nota taquigráfica de 2021-07-06 (parecer em plenário)"", ""A4"": ""2021-07-06: 17S/0N/0A; 2021-07-06: 18S/0N/0A"", ""A5"": ""2021-07-06: 17S/0N/0A; 2021-07-06: 18S/0N/0A"", ""B1"": ""altera Lei Complementar 1089/2021 [inferido]"", ""C1"": ""ementa casa «Sustent»""}"
10075,Decreto Legislativo,1422,2021,True,False,1,False,True,True,True,False,False,1,True,2,0,1,False,False,False,0,"{""A1"": ""apresentada 2021-10-26 → norma 2021-10-27"", ""A3"": ""nota taquigráfica de 2021-10-26 (parecer em plenário)"", ""A4"": ""2021-10-26: 20S/0N/0A"", ""A5"": ""2021-10-26: 20S/0N/0A"", ""B1"": ""Suspende integralmente Lei ordinária 2027/2009 [registrado]"", ""B2"": ""Suspende integralmente → 2027/2009"", ""B3"": ""Mesa Diretora assina outras 2 do conjunto""}"
10268,Lei ordinária,5225,2021,True,False,7,False,True,False,False,False,True,1,False,38,1,1,True,False,False,0,"{""A1"": ""apresentada 2021-12-15 → norma 2021-12-22"", ""A3"": ""nota taquigráfica de 2021-12-15 (parecer em plenário)"", ""A4"": ""2021-12-15: 17S/0N/1A; 2021-12-15: 15S/0N/1A"", ""A5"": ""2021-12-15: 17S/0N/1A; 2021-12-15: 15S/0N/1A"", ""A7"": ""promulgada em 2021-12-22"", ""B1"": ""Altera Lei ordinária 3943/2016 [registrado]"", ""B3"": ""Poder Executivo assina outras 38 do conjunto"", ""B4"": ""alvo mais emendado tem 1 alterações registradas"", ""C1"": ""ementa casa «Proteç»""}"
10363,Lei ordinária,5267,2022,True,False,519,False,False,True,True,False,False,0,False,0,0,0,True,False,False,0,"{""A1"": ""apresentada 2020-08-11 → norma 2022-01-12"", ""A4"": ""2021-12-14: 23S/0N/0A; 2021-12-14: 19S/0N/0A"", ""A5"": ""2021-12-14: 23S/0N/0A; 2021-12-14: 19S/0N/0A"", ""C1"": ""ementa casa «ambiental»""}"
10377,Lei ordinária,5281,2022,True,False,155,False,True,True,True,False,False,0,False,0,0,0,False,False,False,0,"{""A1"": ""apresentada 2021-08-10 → norma 2022-01-12"", ""A3"": ""nota taquigráfica de 2021-12-14 (parecer em plenário)"", ""A4"": ""2021-12-14: 23S/0N/0A; 2021-12-14: 19S/0N/0A"", ""A5"": ""2021-12-14: 23S/0N/0A; 2021-12-14: 19S/0N/0A""}"
10470,Lei ordinária,5318,2022,True,True,153,False,True,True,True,False,False,0,False,0,0,0,False,False,False,0,"{""A1"": ""apresentada 2021-10-26 → norma 2022-03-28"", ""A3"": ""nota taquigráfica de 2021-11-22 (parecer em plenário)"", ""A4"": ""2021-11-22: 22S/0N/0A; 2021-11-22: 20S/0N/0A"", ""A5"": ""2021-11-22: 22S/0N/0A; 2021-11-22: 20S/0N/0A""}"
10545,Lei Complementar,1148,2022,True,False,2,False,True,False,False,False,False,0,False,38,0,0,True,False,False,0,"{""A1"": ""apresentada 2022-03-30 → norma 2022-04-01"", ""A3"": ""nota taquigráfica de 2022-03-30 (parecer em plenário)"", ""A4"": ""2022-03-30: 15S/0N/1A; 2022-03-31: 20S/0N/1A"", ""A5"": ""2022-03-30: 15S/0N/1A; 2022-03-31: 20S/0N/1A"", ""B3"": ""Poder Executivo assina outras 38 do conjunto"", ""C1"": ""ementa casa «Ambiental»""}"
10741,Emenda Constitucional,151,2022,False,True,1,False,True,False,False,False,False,0,False,3,0,0,False,False,False,0,"{""A1"": ""apresentada 2022-05-17 → norma 2022-05-18"", ""A3"": ""nota taquigráfica de 2022-05-17 (parecer em plenário)"", ""A4"": ""2022-05-17: 15S/1N/1A; 2022-05-17: 16S/0N/1A"", ""A5"": ""2022-05-17: 15S/1N/1A; 2022-05-17: 16S/0N/1A"", ""B3"": ""ALEX REDANO assina outras 3 do conjunto""}"
10919,Lei ordinária,5392,2022,True,False,413,False,False,True,True,False,False,0,False,1,0,0,False,False,False,0,"{""A1"": ""apresentada 2021-05-25 → norma 2022-07-12"", ""A4"": ""2022-06-14: 22S/0N/0A; 2022-06-14: 20S/0N/0A"", ""A5"": ""2022-06-14: 22S/0N/0A; 2022-06-14: 20S/0N/0A"", ""B3"": ""JHONY PAIXÃO assina outras 1 do conjunto""}"
10940,Lei ordinária,5412,2022,False,False,3,False,False,True,True,False,False,0,False,38,0,1,False,False,False,0,"{""A1"": ""apresentada 2022-08-16 → norma 2022-08-19"", ""A4"": ""2022-08-16: 21S/0N/0A; 2022-08-16: 17S/0N/0A"", ""A5"": ""2022-08-16: 21S/0N/0A; 2022-08-16: 17S/0N/0A"", ""B3"": ""Poder Executivo assina outras 38 do conjunto""}"
10960,Lei ordinária,5429,2022,True,False,188,False,True,True,True,False,False,0,False,0,0,0,True,False,False,0,"{""A1"": ""apresentada 2022-03-22 → norma 2022-09-26"", ""A3"": ""nota taquigráfica de 2022-06-28 (parecer em plenário)"", ""A4"": ""2022-06-28: 21S/0N/0A; 2022-06-28: 18S/0N/0A"", ""A5"": ""2022-06-28: 21S/0N/0A; 2022-06-28: 18S/0N/0A"", ""C1"": ""ementa casa «ambiental»""}"
11199,Lei ordinária,5489,2022,True,False,49,False,True,True,False,False,True,1,False,3,6,1,True,False,False,0,"{""A1"": ""apresentada 2022-11-01 → norma 2022-12-20"", ""A3"": ""nota taquigráfica de 2022-11-01 (parecer em plenário)"", ""A4"": ""2022-11-01: 18S/0N/1A; 2022-11-01: 18S/0N/1A"", ""A5"": ""2022-11-01: 18S/0N/1A; 2022-11-01: 18S/0N/1A"", ""A7"": ""promulgada em 2022-12-20"", ""B1"": ""acrescenta Lei ordinária 3686/2015 [inferido]"", ""B3"": ""LEBRÃO assina outras 3 do conjunto"", ""B4"": ""alvo mais emendado tem 6 alterações registradas"", ""C1"": ""ementa casa «Ambiental»""}"
11221,Lei ordinária,5510,2022,True,False,22,False,True,True,False,False,True,1,False,3,6,1,True,False,False,0,"{""A1"": ""apresentada 2022-11-29 → norma 2022-12-21"", ""A3"": ""nota taquigráfica de 2022-11-29 (parecer em plenário)"", ""A4"": ""2022-11-29: 16S/0N/1A"", ""A5"": ""2022-11-29: 16S/0N/1A"", ""A7"": ""promulgada em 2022-12-21"", ""B1"": ""Altera Lei ordinária 3686/2015 [registrado]"", ""B3"": ""ALEX REDANO assina outras 3 do conjunto"", ""B4"": ""alvo mais emendado tem 6 alterações registradas"", ""C1"": ""ementa casa «Ambiental»""}"
11263,Decreto Legislativo,2104,2023,True,False,85,False,True,False,False,True,False,1,True,2,0,1,True,False,False,0,"{""A1"": ""apresentada 2022-10-25 → norma 2023-01-18"", ""A3"": ""nota taquigráfica de 2023-01-17 (parecer em plenário)"", ""B1"": ""Suspende integralmente Lei ordinária 4564/2019 [registrado]"", ""B2"": ""Suspende integralmente → 4564/2019"", ""B3"": ""Mesa Diretora assina outras 2 do conjunto"", ""C1"": ""ementa casa «Ambiental»""}"
11508,Lei ordinária,5567,2023,True,False,569,False,False,False,False,True,False,1,True,38,1,1,False,False,False,1,"{""A1"": ""apresentada 2021-11-30 → norma 2023-06-22"", ""B1"": ""Revoga integralmente Lei ordinária 1841/2007 [registrado]"", ""B2"": ""Revoga integralmente → 1841/2007"", ""B3"": ""Poder Executivo assina outras 38 do conjunto"", ""B4"": ""alvo mais emendado tem 1 alterações registradas""}"
11510,Lei Complementar,1193,2023,True,False,28,False,False,False,False,True,False,0,False,3,0,0,True,False,False,0,"{""A1"": ""apresentada 2023-05-25 → norma 2023-06-22"", ""B3"": ""LAERTE GOMES assina outras 3 do conjunto"", ""C1"": ""ementa casa «Ambiental»""}"
11607,Lei ordinária,5594,2023,True,False,143,False,False,True,True,False,False,1,False,2,6,1,False,False,False,0,"{""A1"": ""apresentada 2023-03-21 → norma 2023-08-11"", ""A4"": ""2023-06-06: 18S/0N/0A; 2023-06-06: 17S/0N/0A"", ""A5"": ""2023-06-06: 18S/0N/0A; 2023-06-06: 17S/0N/0A"", ""B1"": ""acrescenta Lei ordinária 3686/2015 [inferido]"", ""B3"": ""PEDRO FERNANDES assina outras 2 do conjunto"", ""B4"": ""alvo mais emendado tem 6 alterações registradas""}"
11637,Lei ordinária,5611,2023,True,False,70,False,True,True,True,False,False,1,False,1,6,1,True,False,False,0,"{""A1"": ""apresentada 2023-06-27 → norma 2023-09-05"", ""A3"": ""nota taquigráfica de 2023-06-27 (parecer em plenário)"", ""A4"": ""2023-06-27: 22S/0N/0A; 2023-06-27: 16S/0N/0A"", ""A5"": ""2023-06-27: 22S/0N/0A; 2023-06-27: 16S/0N/0A"", ""B1"": ""altera Lei ordinária 3686/2015 [inferido]"", ""B3"": ""DELEGADO LUCAS assina outras 1 do conjunto"", ""B4"": ""alvo mais emendado tem 6 alterações registradas"", ""C1"": ""ementa casa «Ambiental»""}"
11664,Lei ordinária,5623,2023,True,False,206,False,True,True,True,False,False,0,False,0,0,0,False,False,False,0,"{""A1"": ""apresentada 2023-02-28 → norma 2023-09-22"", ""A3"": ""nota taquigráfica de 2023-08-29 (parecer em plenário)"", ""A4"": ""2023-08-29: 19S/0N/0A"", ""A5"": ""2023-08-29: 19S/0N/0A""}"
11716,Lei Complementar,1200,2023,False,False,17,False,False,False,False,False,False,0,False,38,0,0,False,False,False,0,"{""A1"": ""apresentada 2023-09-26 → norma 2023-10-13"", ""A4"": ""2023-10-10: 18S/0N/3A"", ""A5"": ""2023-10-10: 18S/0N/3A"", ""B3"": ""Poder Executivo assina outras 38 do conjunto""}"
11891,Lei ordinária,5698,2023,True,False,104,False,True,False,False,True,True,0,False,38,0,0,True,False,True,0,"{""A1"": ""apresentada 2023-09-05 → norma 2023-12-18"", ""A3"": ""nota taquigráfica de 2023-12-12 (parecer em plenário)"", ""A7"": ""promulgada em 2023-12-18"", ""B3"": ""Poder Executivo assina outras 38 do conjunto"", ""C1"": ""ementa casa «recupera»"", ""C3"": ""ementa casa «Autoriza o Poder Executivo»""}"
11970,Lei Complementar,1220,2024,False,False,272,False,True,False,True,False,False,0,True,38,0,14,False,False,False,7,"{""A1"": ""apresentada 2023-06-27 → norma 2024-03-25"", ""A3"": ""nota taquigráfica de 2024-03-19 (parecer em plenário)"", ""A4"": ""2024-03-19: 13S/0N/0A"", ""A5"": ""2024-03-19: 13S/0N/0A"", ""B2"": ""Revoga parcialmente → 468/2008; Revoga parcialmente → 622/2011; Revoga parcialmente → 741/2013; Revoga parcialmente → 828/2015; Revoga parcialmente → 846/2015; Revoga integralmente → 1008/2018"", ""B3"": ""Poder Executivo assina outras 38 do conjunto""}"
12004,Lei ordinária,5762,2024,True,False,330,False,False,True,True,False,False,0,False,0,0,0,False,False,False,0,"{""A1"": ""apresentada 2023-05-25 → norma 2024-04-19"", ""A4"": ""2024-03-26: 23S/0N/0A"", ""A5"": ""2024-03-26: 23S/0N/0A""}"
12192,Lei ordinária,5838,2024,True,False,152,False,True,True,True,False,False,1,False,2,6,1,True,False,False,0,"{""A1"": ""apresentada 2024-02-28 → norma 2024-07-29"", ""A3"": ""nota taquigráfica de 2024-07-18 (parecer em plenário)"", ""A4"": ""2024-03-12: 22S/0N/0A"", ""A5"": ""2024-03-12: 22S/0N/0A"", ""B1"": ""Altera Lei ordinária 3686/2015 [registrado]"", ""B3"": ""PEDRO FERNANDES assina outras 2 do conjunto"", ""B4"": ""alvo mais emendado tem 6 alterações registradas"", ""C1"": ""ementa casa «Ambiental»""}"
12259,Lei ordinária,5883,2024,True,False,28,False,True,False,False,True,False,0,False,2,0,0,True,False,False,0,"{""A1"": ""apresentada 2024-09-03 → norma 2024-10-01"", ""A3"": ""nota taquigráfica de 2024-09-03 (parecer em plenário)"", ""B3"": ""JEAN OLIVEIRA assina outras 2 do conjunto"", ""C1"": ""ementa casa «queimad»""}"
12479,Lei ordinária,5983,2025,True,False,87,False,True,True,True,False,False,1,True,12,0,1,True,False,False,1,"{""A1"": ""apresentada 2024-11-05 → norma 2025-01-31"", ""A3"": ""nota taquigráfica de 2024-11-05 (parecer em plenário)"", ""A4"": ""2024-11-05: 14S/0N/0A"", ""A5"": ""2024-11-05: 14S/0N/0A"", ""B1"": ""revoga Lei ordinária 5883/2024 [inferido]"", ""B2"": ""revoga → 5883/2024"", ""B3"": ""Coletiva assina outras 12 do conjunto"", ""C1"": ""ementa casa «queimad»""}"
12580,Resolução,626,2025,True,False,6,False,True,True,True,False,False,0,False,2,0,0,True,False,False,0,"{""A1"": ""apresentada 2025-04-15 → norma 2025-04-21"", ""A3"": ""nota taquigráfica de 2025-04-16 (parecer em plenário)"", ""A4"": ""2025-04-16: 21S/0N/0A"", ""A5"": ""2025-04-16: 21S/0N/0A"", ""B3"": ""Mesa Diretora assina outras 2 do conjunto"", ""C1"": ""ementa casa «conservaç»""}"
12792,Lei Complementar,1287,2025,True,False,35,False,True,False,True,False,False,0,False,0,0,0,True,False,False,0,"{""A1"": ""apresentada 2025-05-20 → norma 2025-06-24"", ""A3"": ""nota taquigráfica de 2025-05-29 (parecer em plenário)"", ""A4"": ""2025-05-29: 23S/0N/0A"", ""A5"": ""2025-05-29: 23S/0N/0A"", ""C1"": ""ementa casa «Ambiental»""}"
12891,Lei ordinária,6094,2025,True,False,83,False,True,True,True,False,False,1,False,0,2,1,True,False,False,0,"{""A1"": ""apresentada 2025-05-20 → norma 2025-08-11"", ""A3"": ""nota taquigráfica de 2025-05-29 (parecer em plenário)"", ""A4"": ""2025-05-29: 24S/0N/0A"", ""A5"": ""2025-05-29: 24S/0N/0A"", ""B1"": ""Altera Lei ordinária 3945/2016 [registrado]"", ""B4"": ""alvo mais emendado tem 2 alterações registradas"", ""C1"": ""ementa casa «Ambiental»""}"
13307,Lei ordinária,6258,2025,True,False,750,False,False,True,True,False,False,0,False,0,0,0,False,False,False,0,"{""A1"": ""apresentada 2023-10-31 → norma 2025-11-19"", ""A4"": ""2025-10-28: 21S/0N/0A"", ""A5"": ""2025-10-28: 21S/0N/0A""}"
13318,Lei ordinária,6269,2025,False,False,97,False,True,True,True,False,False,0,False,0,0,0,True,False,False,0,"{""A1"": ""apresentada 2025-08-19 → norma 2025-11-24"", ""A3"": ""nota taquigráfica de 2025-11-05 (parecer em plenário)"", ""A4"": ""2025-11-05: 20S/0N/0A"", ""A5"": ""2025-11-05: 20S/0N/0A"", ""C1"": ""ementa casa «Preserv»""}"
13397,Decreto Legislativo,2899,2025,True,False,7,False,False,True,True,False,False,0,False,3,0,0,True,False,False,0,"{""A1"": ""apresentada 2025-09-02 → norma 2025-09-09"", ""A4"": ""2025-09-09: 23S/0N/0A"", ""A5"": ""2025-09-09: 23S/0N/0A"", ""B3"": ""ALEX REDANO assina outras 3 do conjunto"", ""C1"": ""ementa casa «Conservaç»""}"
13405,Lei Complementar,1318,2026,True,False,0,False,False,False,False,True,False,0,False,0,0,0,False,False,False,0,"{""A1"": ""apresentada 2026-02-09 → norma 2026-02-09""}"
