norma_sapl_id,votacao_sapl_id,data,parlamentar,voto,partido_na_epoca,nota_partido
6639,933,2014-02-26,ADRIANO BOIADEIRO ,Sim,PRP,
6639,933,2014-02-26,BRITO DO INCRA ,Sim,PSD,
6639,933,2014-02-26,CLÁUDIO CARVALHO ,Sim,PT,
6639,933,2014-02-26,EDSON MARTINS,Sim,MDB,
6639,933,2014-02-26,EPIFÂNIA BARBOSA,Sim,PT,
6639,933,2014-02-26,FLÁVIO LEMOS,Sim,PR,
6639,933,2014-02-26,JEAN OLIVEIRA,Sim,PSDB,
6639,933,2014-02-26,LEBRÃO,Sim,PTN,
6639,933,2014-02-26,LUIZ CLÁUDIO,Sim,PTN,
6639,933,2014-02-26,LUIZINHO GOEBEL,Ausente,PV,
6639,933,2014-02-26,MARCELINO TENÓRIO,Sim,PRP,
6639,933,2014-02-26,MAURÃO DE CARVALHO,Sim,,sem filiação registrada cobrindo a data de referência
6639,933,2014-02-26,RIBAMAR ARAUJO,Sim,PT,
6639,933,2014-02-26,ZEQUINHA ARAUJO,Sim,MDB,
6639,935,2014-02-26,ADRIANO BOIADEIRO ,Sim,PRP,
6639,935,2014-02-26,BRITO DO INCRA ,Sim,PSD,
6639,935,2014-02-26,CLÁUDIO CARVALHO ,Sim,PT,
6639,935,2014-02-26,EDSON MARTINS,Sim,MDB,
6639,935,2014-02-26,EPIFÂNIA BARBOSA,Sim,PT,
6639,935,2014-02-26,FLÁVIO LEMOS,Sim,PR,
6639,935,2014-02-26,JEAN OLIVEIRA,Sim,PSDB,
6639,935,2014-02-26,LEBRÃO,Sim,PTN,
6639,935,2014-02-26,LUIZ CLÁUDIO,Sim,PTN,
6639,935,2014-02-26,LUIZINHO GOEBEL,Sim,PV,
6639,935,2014-02-26,MARCELINO TENÓRIO,Sim,PRP,
6639,935,2014-02-26,MAURÃO DE CARVALHO,Sim,,sem filiação registrada cobrindo a data de referência
6639,935,2014-02-26,RIBAMAR ARAUJO,Sim,PT,
6639,935,2014-02-26,ZEQUINHA ARAUJO,Sim,MDB,
7568,2944,2016-06-28,ADELINO FOLLADOR,Sim,DEM,
7568,2944,2016-06-28,AÉLCIO DA TV,Sim,PP,
7568,2944,2016-06-28,AIRTON GURGACZ,Sim,PDT,
7568,2944,2016-06-28,ALEX REDANO,Sim,REPUBLICANOS,
7568,2944,2016-06-28,CLEITON ROQUE,Sim,PSB,data de filiação com ano suspeito no SAPL (210)
7568,2944,2016-06-28,Dr. NEIDSON,Sim,PMN,
7568,2944,2016-06-28,EDSON MARTINS,Sim,MDB,
7568,2944,2016-06-28,EZEQUIEL JUNIOR,Sim,PSDC,
7568,2944,2016-06-28,GLAUCIONE,Sim,MDB,"filiações sobrepostas (MDB, PSDC) — usada a mais recente"
7568,2944,2016-06-28,HERMINIO COELHO,Ausente,PDT,
7568,2944,2016-06-28,JEAN OLIVEIRA,Ausente,MDB,
7568,2944,2016-06-28,JESUINO BOABAID,Sim,PMN,
7568,2944,2016-06-28,LAERTE GOMES,Sim,PSDB,
7568,2944,2016-06-28,LAZINHO DA FETAGRO,Sim,PT,
7568,2944,2016-06-28,LEBRÃO,Sim,MDB,
7568,2944,2016-06-28,LÉO MORAES,Ausente,PTB,
7568,2944,2016-06-28,LUCIA TEREZA,Sim,PP,
7568,2944,2016-06-28,MARCELINO TENÓRIO,Sim,PRP,
7568,2944,2016-06-28,MAURÃO DE CARVALHO,Ausente,MDB,
7568,2944,2016-06-28,RIBAMAR ARAUJO,Ausente,PL,
7568,2944,2016-06-28,ROSANGELA DONADON,Sim,MDB,
7568,2944,2016-06-28,SAULO MOREIRA,Sim,PDT,
7568,2944,2016-06-28,SÓ NA BENÇA,Sim,MDB,
7568,2961,2016-06-28,ADELINO FOLLADOR,Sim,DEM,
7568,2961,2016-06-28,AÉLCIO DA TV,Sim,PP,
7568,2961,2016-06-28,AIRTON GURGACZ,Sim,PDT,
7568,2961,2016-06-28,ALEX REDANO,Sim,REPUBLICANOS,
7568,2961,2016-06-28,CLEITON ROQUE,Sim,PSB,data de filiação com ano suspeito no SAPL (210)
7568,2961,2016-06-28,Dr. NEIDSON,Sim,PMN,
7568,2961,2016-06-28,EDSON MARTINS,Sim,MDB,
7568,2961,2016-06-28,EZEQUIEL JUNIOR,Sim,PSDC,
7568,2961,2016-06-28,GLAUCIONE,Sim,MDB,"filiações sobrepostas (MDB, PSDC) — usada a mais recente"
7568,2961,2016-06-28,HERMINIO COELHO,Ausente,PDT,
7568,2961,2016-06-28,JEAN OLIVEIRA,Ausente,MDB,
7568,2961,2016-06-28,JESUINO BOABAID,Sim,PMN,
7568,2961,2016-06-28,LAERTE GOMES,Sim,PSDB,
7568,2961,2016-06-28,LAZINHO DA FETAGRO,Sim,PT,
7568,2961,2016-06-28,LEBRÃO,Sim,MDB,
7568,2961,2016-06-28,LUCIA TEREZA,Ausente,PP,
7568,2961,2016-06-28,MARCELINO TENÓRIO,Ausente,PRP,
7568,2961,2016-06-28,MAURÃO DE CARVALHO,Sim,MDB,
7568,2961,2016-06-28,ROSANGELA DONADON,Sim,MDB,
7568,2961,2016-06-28,SAULO MOREIRA,Sim,PDT,
7568,2961,2016-06-28,SÓ NA BENÇA,Sim,MDB,
7580,2945,2016-06-28,ADELINO FOLLADOR,Sim,DEM,
7580,2945,2016-06-28,AÉLCIO DA TV,Sim,PP,
7580,2945,2016-06-28,AIRTON GURGACZ,Sim,PDT,
7580,2945,2016-06-28,ALEX REDANO,Sim,REPUBLICANOS,
7580,2945,2016-06-28,CLEITON ROQUE,Sim,PSB,data de filiação com ano suspeito no SAPL (210)
7580,2945,2016-06-28,Dr. NEIDSON,Sim,PMN,
7580,2945,2016-06-28,EDSON MARTINS,Sim,MDB,
7580,2945,2016-06-28,EZEQUIEL JUNIOR,Sim,PSDC,
7580,2945,2016-06-28,GLAUCIONE,Ausente,MDB,"filiações sobrepostas (MDB, PSDC) — usada a mais recente"
7580,2945,2016-06-28,HERMINIO COELHO,Não,PDT,
7580,2945,2016-06-28,JEAN OLIVEIRA,Sim,MDB,
7580,2945,2016-06-28,JESUINO BOABAID,Sim,PMN,
7580,2945,2016-06-28,LAERTE GOMES,Sim,PSDB,
7580,2945,2016-06-28,LAZINHO DA FETAGRO,Sim,PT,
7580,2945,2016-06-28,LEBRÃO,Sim,MDB,
7580,2945,2016-06-28,LÉO MORAES,Sim,PTB,
7580,2945,2016-06-28,LUCIA TEREZA,Sim,PP,
7580,2945,2016-06-28,MARCELINO TENÓRIO,Sim,PRP,
7580,2945,2016-06-28,MAURÃO DE CARVALHO,Sim,MDB,
7580,2945,2016-06-28,RIBAMAR ARAUJO,Sim,PL,
7580,2945,2016-06-28,ROSANGELA DONADON,Sim,MDB,
7580,2945,2016-06-28,SAULO MOREIRA,Sim,PDT,
7580,2945,2016-06-28,SÓ NA BENÇA,Sim,MDB,
7580,2962,2016-06-28,ADELINO FOLLADOR,Sim,DEM,
7580,2962,2016-06-28,AÉLCIO DA TV,Ausente,PP,
7580,2962,2016-06-28,AIRTON GURGACZ,Sim,PDT,
7580,2962,2016-06-28,ALEX REDANO,Sim,REPUBLICANOS,
7580,2962,2016-06-28,CLEITON ROQUE,Sim,PSB,data de filiação com ano suspeito no SAPL (210)
7580,2962,2016-06-28,Dr. NEIDSON,Sim,PMN,
7580,2962,2016-06-28,EDSON MARTINS,Sim,MDB,
7580,2962,2016-06-28,EZEQUIEL JUNIOR,Sim,PSDC,
7580,2962,2016-06-28,GLAUCIONE,Sim,MDB,"filiações sobrepostas (MDB, PSDC) — usada a mais recente"
7580,2962,2016-06-28,HERMINIO COELHO,Ausente,PDT,
7580,2962,2016-06-28,JEAN OLIVEIRA,Ausente,MDB,
7580,2962,2016-06-28,JESUINO BOABAID,Sim,PMN,
7580,2962,2016-06-28,LAERTE GOMES,Sim,PSDB,
7580,2962,2016-06-28,LAZINHO DA FETAGRO,Sim,PT,
7580,2962,2016-06-28,LEBRÃO,Sim,MDB,
7580,2962,2016-06-28,LUCIA TEREZA,Ausente,PP,
7580,2962,2016-06-28,MARCELINO TENÓRIO,Ausente,PRP,
7580,2962,2016-06-28,MAURÃO DE CARVALHO,Sim,MDB,
7580,2962,2016-06-28,ROSANGELA DONADON,Ausente,MDB,
7580,2962,2016-06-28,SAULO MOREIRA,Sim,PDT,
7580,2962,2016-06-28,SÓ NA BENÇA,Sim,MDB,
7718,3211,2016-10-04,ADELINO FOLLADOR,Sim,DEM,
7718,3211,2016-10-04,AÉLCIO DA TV,Sim,PP,
7718,3211,2016-10-04,AIRTON GURGACZ,Sim,PDT,
7718,3211,2016-10-04,ALEX REDANO,Sim,REPUBLICANOS,
7718,3211,2016-10-04,CLEITON ROQUE,Sim,PSB,data de filiação com ano suspeito no SAPL (210)
7718,3211,2016-10-04,Dr. NEIDSON,Sim,PMN,
7718,3211,2016-10-04,EDSON MARTINS,Sim,MDB,
7718,3211,2016-10-04,EZEQUIEL JUNIOR,Sim,PSDC,
7718,3211,2016-10-04,HERMINIO COELHO,Ausente,PDT,
7718,3211,2016-10-04,JEAN OLIVEIRA,Ausente,MDB,
7718,3211,2016-10-04,JESUINO BOABAID,Sim,PMN,
7718,3211,2016-10-04,LAERTE GOMES,Sim,PSDB,
7718,3211,2016-10-04,LAZINHO DA FETAGRO,Sim,PT,
7718,3211,2016-10-04,LEBRÃO,Sim,MDB,
7718,3211,2016-10-04,LÉO MORAES,Ausente,PTB,
7718,3211,2016-10-04,LUCIA TEREZA,Ausente,PP,
7718,3211,2016-10-04,LUIZINHO GOEBEL,Ausente,PV,
7718,3211,2016-10-04,MARCELINO TENÓRIO,Sim,PRP,
7718,3211,2016-10-04,MAURÃO DE CARVALHO,Ausente,MDB,
7718,3211,2016-10-04,RIBAMAR ARAUJO,Sim,PL,
7718,3211,2016-10-04,ROSANGELA DONADON,Ausente,MDB,
7718,3211,2016-10-04,SÓ NA BENÇA,Ausente,MDB,
7718,3214,2016-10-04,ADELINO FOLLADOR,Sim,DEM,
7718,3214,2016-10-04,AIRTON GURGACZ,Sim,PDT,
7718,3214,2016-10-04,CLEITON ROQUE,Sim,PSB,data de filiação com ano suspeito no SAPL (210)
7718,3214,2016-10-04,Dr. NEIDSON,Sim,PMN,
7718,3214,2016-10-04,EDSON MARTINS,Sim,MDB,
7718,3214,2016-10-04,EZEQUIEL JUNIOR,Sim,PSDC,
7718,3214,2016-10-04,JESUINO BOABAID,Sim,PMN,
7718,3214,2016-10-04,LAERTE GOMES,Sim,PSDB,
7718,3214,2016-10-04,LAZINHO DA FETAGRO,Sim,PT,
7718,3214,2016-10-04,LEBRÃO,Sim,MDB,
7718,3214,2016-10-04,LUIZINHO GOEBEL,Sim,PV,
7718,3214,2016-10-04,MARCELINO TENÓRIO,Sim,PRP,
7718,3214,2016-10-04,MAURÃO DE CARVALHO,Sim,MDB,
7718,3214,2016-10-04,RIBAMAR ARAUJO,Ausente,PL,
7718,3214,2016-10-04,ROSANGELA DONADON,Sim,MDB,
7761,3235,2016-10-11,ADELINO FOLLADOR,Sim,DEM,
7761,3235,2016-10-11,AÉLCIO DA TV,Ausente,PP,
7761,3235,2016-10-11,ALEX REDANO,Sim,REPUBLICANOS,
7761,3235,2016-10-11,CLEITON ROQUE,Sim,PSB,data de filiação com ano suspeito no SAPL (210)
7761,3235,2016-10-11,Dr. NEIDSON,Ausente,PMN,
7761,3235,2016-10-11,EDSON MARTINS,Sim,MDB,
7761,3235,2016-10-11,EZEQUIEL JUNIOR,Sim,PSDC,
7761,3235,2016-10-11,HERMINIO COELHO,Sim,PDT,
7761,3235,2016-10-11,JESUINO BOABAID,Sim,PMN,
7761,3235,2016-10-11,LAERTE GOMES,Sim,PSDB,
7761,3235,2016-10-11,LAZINHO DA FETAGRO,Sim,PT,
7761,3235,2016-10-11,LEBRÃO,Sim,MDB,
7761,3235,2016-10-11,LÉO MORAES,Ausente,PTB,
7761,3235,2016-10-11,LUCIA TEREZA,Sim,PP,
7761,3235,2016-10-11,LUIZINHO GOEBEL,Ausente,PV,
7761,3235,2016-10-11,MAURÃO DE CARVALHO,Sim,MDB,
7761,3235,2016-10-11,ROSANGELA DONADON,Sim,MDB,
7761,3235,2016-10-11,SÓ NA BENÇA,Sim,MDB,
7761,3241,2016-10-11,ADELINO FOLLADOR,Sim,DEM,
7761,3241,2016-10-11,AÉLCIO DA TV,Sim,PP,
7761,3241,2016-10-11,ALEX REDANO,Sim,REPUBLICANOS,
7761,3241,2016-10-11,CLEITON ROQUE,Sim,PSB,data de filiação com ano suspeito no SAPL (210)
7761,3241,2016-10-11,Dr. NEIDSON,Sim,PMN,
7761,3241,2016-10-11,EDSON MARTINS,Sim,MDB,
7761,3241,2016-10-11,EZEQUIEL JUNIOR,Sim,PSDC,
7761,3241,2016-10-11,GLAUCIONE,Sim,MDB,
7761,3241,2016-10-11,HERMINIO COELHO,Sim,PDT,
7761,3241,2016-10-11,JESUINO BOABAID,Sim,PMN,
7761,3241,2016-10-11,LAERTE GOMES,Sim,PSDB,
7761,3241,2016-10-11,LAZINHO DA FETAGRO,Sim,PT,
7761,3241,2016-10-11,LEBRÃO,Sim,MDB,
7761,3241,2016-10-11,LUCIA TEREZA,Sim,PP,
7761,3241,2016-10-11,LUIZINHO GOEBEL,Sim,PV,
7761,3241,2016-10-11,MAURÃO DE CARVALHO,Sim,MDB,
7761,3241,2016-10-11,ROSANGELA DONADON,Sim,MDB,
8092,4367,2017-10-10,ADELINO FOLLADOR,Ausente,DEM,
8092,4367,2017-10-10,AÉLCIO DA TV,Sim,PP,
8092,4367,2017-10-10,ALEX REDANO,Sim,REPUBLICANOS,
8092,4367,2017-10-10,ANDERSON  DO SINGEPERON,Sim,PV,
8092,4367,2017-10-10,CLEITON ROQUE,Sim,PSB,data de filiação com ano suspeito no SAPL (210)
8092,4367,2017-10-10,EDSON MARTINS,Sim,MDB,
8092,4367,2017-10-10,EZEQUIEL JUNIOR,Sim,,sem filiação registrada cobrindo a data de referência
8092,4367,2017-10-10,HERMINIO COELHO,Sim,PDT,
8092,4367,2017-10-10,JEAN OLIVEIRA,Ausente,MDB,
8092,4367,2017-10-10,JESUINO BOABAID,Sim,PMN,
8092,4367,2017-10-10,LAERTE GOMES,Sim,PSDB,
8092,4367,2017-10-10,LAZINHO DA FETAGRO,Sim,PT,
8092,4367,2017-10-10,LEBRÃO,Ausente,MDB,
8092,4367,2017-10-10,LUIZINHO GOEBEL,Sim,PV,
8092,4367,2017-10-10,MARCELINO TENÓRIO,Ausente,PRP,
8092,4367,2017-10-10,MAURÃO DE CARVALHO,Sim,MDB,
8092,4367,2017-10-10,RIBAMAR ARAUJO,Sim,PL,
8092,4367,2017-10-10,ROSANGELA DONADON,Sim,MDB,
8092,4367,2017-10-10,SAULO MOREIRA,Sim,PDT,
8092,4367,2017-10-10,SÓ NA BENÇA,Sim,MDB,
8092,4368,2017-10-10,ADELINO FOLLADOR,Sim,DEM,
8092,4368,2017-10-10,AÉLCIO DA TV,Sim,PP,
8092,4368,2017-10-10,ALEX REDANO,Sim,REPUBLICANOS,
8092,4368,2017-10-10,ANDERSON  DO SINGEPERON,Sim,PV,
8092,4368,2017-10-10,CLEITON ROQUE,Sim,PSB,data de filiação com ano suspeito no SAPL (210)
8092,4368,2017-10-10,EDSON MARTINS,Sim,MDB,
8092,4368,2017-10-10,EZEQUIEL JUNIOR,Sim,,sem filiação registrada cobrindo a data de referência
8092,4368,2017-10-10,HERMINIO COELHO,Sim,PDT,
8092,4368,2017-10-10,JEAN OLIVEIRA,Sim,MDB,
8092,4368,2017-10-10,JESUINO BOABAID,Sim,PMN,
8092,4368,2017-10-10,LAERTE GOMES,Sim,PSDB,
8092,4368,2017-10-10,LAZINHO DA FETAGRO,Sim,PT,
8092,4368,2017-10-10,LUIZINHO GOEBEL,Sim,PV,
8092,4368,2017-10-10,MARCELINO TENÓRIO,Ausente,PRP,
8092,4368,2017-10-10,RIBAMAR ARAUJO,Sim,PL,
8092,4368,2017-10-10,ROSANGELA DONADON,Sim,MDB,
8092,4368,2017-10-10,SÓ NA BENÇA,Sim,MDB,
8320,4896,2018-04-11,ADELINO FOLLADOR,Não,DEM,
8320,4896,2018-04-11,AÉLCIO DA TV,Não,PP,
8320,4896,2018-04-11,AIRTON GURGACZ,Não,PDT,
8320,4896,2018-04-11,ALEX REDANO,Sim,REPUBLICANOS,
8320,4896,2018-04-11,ANDERSON  DO SINGEPERON,Sim,PROS,
8320,4896,2018-04-11,CLEITON ROQUE,Sim,PSB,data de filiação com ano suspeito no SAPL (210)
8320,4896,2018-04-11,Dr. NEIDSON,Não,PMN,
8320,4896,2018-04-11,EDSON MARTINS,Sim,MDB,
8320,4896,2018-04-11,EZEQUIEL JUNIOR,Sim,REPUBLICANOS,
8320,4896,2018-04-11,GERALDO DA RONDÔNIA,Sim,PSC,
8320,4896,2018-04-11,HERMINIO COELHO,Não,PDT,
8320,4896,2018-04-11,JEAN OLIVEIRA,Sim,MDB,
8320,4896,2018-04-11,JESUINO BOABAID,Não,PMN,
8320,4896,2018-04-11,LAERTE GOMES,Sim,PSDB,
8320,4896,2018-04-11,LAZINHO DA FETAGRO,Não,PT,
8320,4896,2018-04-11,LEBRÃO,Sim,MDB,
8320,4896,2018-04-11,LÉO MORAES,Não,PTB,
8320,4896,2018-04-11,LUIZINHO GOEBEL,Não,PV,
8320,4896,2018-04-11,MAURÃO DE CARVALHO,Sim,MDB,
8320,4896,2018-04-11,RIBAMAR ARAUJO,Sim,PL,
8320,4896,2018-04-11,ROSANGELA DONADON,Sim,PDT,
8320,4896,2018-04-11,SAULO MOREIRA,Sim,PDT,
8320,4896,2018-04-11,SÓ NA BENÇA,Sim,MDB,
8320,4897,2018-04-11,ADELINO FOLLADOR,Não,DEM,
8320,4897,2018-04-11,AÉLCIO DA TV,Não,PP,
8320,4897,2018-04-11,AIRTON GURGACZ,Não,PDT,
8320,4897,2018-04-11,ALEX REDANO,Sim,REPUBLICANOS,
8320,4897,2018-04-11,ANDERSON  DO SINGEPERON,Sim,PROS,
8320,4897,2018-04-11,CLEITON ROQUE,Sim,PSB,data de filiação com ano suspeito no SAPL (210)
8320,4897,2018-04-11,Dr. NEIDSON,Não,PMN,
8320,4897,2018-04-11,EDSON MARTINS,Sim,MDB,
8320,4897,2018-04-11,EZEQUIEL JUNIOR,Sim,REPUBLICANOS,
8320,4897,2018-04-11,GERALDO DA RONDÔNIA,Sim,PSC,
8320,4897,2018-04-11,HERMINIO COELHO,Não,PDT,
8320,4897,2018-04-11,JEAN OLIVEIRA,Sim,MDB,
8320,4897,2018-04-11,JESUINO BOABAID,Não,PMN,
8320,4897,2018-04-11,LAERTE GOMES,Sim,PSDB,
8320,4897,2018-04-11,LAZINHO DA FETAGRO,Não,PT,
8320,4897,2018-04-11,LEBRÃO,Sim,MDB,
8320,4897,2018-04-11,LÉO MORAES,Não,PTB,
8320,4897,2018-04-11,LUIZINHO GOEBEL,Não,PV,
8320,4897,2018-04-11,MAURÃO DE CARVALHO,Sim,MDB,
8320,4897,2018-04-11,RIBAMAR ARAUJO,Sim,PL,
8320,4897,2018-04-11,ROSANGELA DONADON,Sim,PDT,
8320,4897,2018-04-11,SAULO MOREIRA,Sim,PDT,
8320,4897,2018-04-11,SÓ NA BENÇA,Sim,MDB,
8586,5433,2018-09-25,ADELINO FOLLADOR,Sim,DEM,
8586,5433,2018-09-25,AÉLCIO DA TV,Sim,PP,
8586,5433,2018-09-25,AIRTON GURGACZ,Sim,PDT,
8586,5433,2018-09-25,ALEX REDANO,Sim,REPUBLICANOS,
8586,5433,2018-09-25,ANDERSON  DO SINGEPERON,Sim,PROS,
8586,5433,2018-09-25,CLEITON ROQUE,Sim,PSB,data de filiação com ano suspeito no SAPL (210)
8586,5433,2018-09-25,EDSON MARTINS,Sim,MDB,
8586,5433,2018-09-25,EZEQUIEL JUNIOR,Sim,REPUBLICANOS,
8586,5433,2018-09-25,HERMINIO COELHO,Sim,PDT,
8586,5433,2018-09-25,JESUINO BOABAID,Sim,PMN,
8586,5433,2018-09-25,LAERTE GOMES,Sim,PSDB,
8586,5433,2018-09-25,LAZINHO DA FETAGRO,Sim,PT,
8586,5433,2018-09-25,LEBRÃO,Sim,MDB,
8586,5433,2018-09-25,LÉO MORAES,Sim,PTB,
8586,5433,2018-09-25,MARCELINO TENÓRIO,Ausente,PRP,
8586,5433,2018-09-25,MAURÃO DE CARVALHO,Sim,MDB,
8586,5433,2018-09-25,RIBAMAR ARAUJO,Sim,PL,
8586,5433,2018-09-25,SÓ NA BENÇA,Ausente,MDB,
8586,5434,2018-09-25,ADELINO FOLLADOR,Sim,DEM,
8586,5434,2018-09-25,AÉLCIO DA TV,Sim,PP,
8586,5434,2018-09-25,ALEX REDANO,Sim,REPUBLICANOS,
8586,5434,2018-09-25,ANDERSON  DO SINGEPERON,Sim,PROS,
8586,5434,2018-09-25,CLEITON ROQUE,Sim,PSB,data de filiação com ano suspeito no SAPL (210)
8586,5434,2018-09-25,EDSON MARTINS,Sim,MDB,
8586,5434,2018-09-25,EZEQUIEL JUNIOR,Sim,REPUBLICANOS,
8586,5434,2018-09-25,HERMINIO COELHO,Sim,PDT,
8586,5434,2018-09-25,JESUINO BOABAID,Sim,PMN,
8586,5434,2018-09-25,LAERTE GOMES,Sim,PSDB,
8586,5434,2018-09-25,LEBRÃO,Sim,MDB,
8586,5434,2018-09-25,LÉO MORAES,Sim,PTB,
8586,5434,2018-09-25,MAURÃO DE CARVALHO,Sim,MDB,
8586,5434,2018-09-25,RIBAMAR ARAUJO,Sim,PL,
8586,5434,2018-09-25,SÓ NA BENÇA,Sim,MDB,
9161,7612,2019-10-22,ADAILTON FÚRIA,Sim,PSD,
9161,7612,2019-10-22,ADELINO FOLLADOR,Sim,,sem filiação registrada cobrindo a data de referência
9161,7612,2019-10-22,AÉLCIO DA TV,Não,PP,
9161,7612,2019-10-22,ALEX REDANO,Sim,REPUBLICANOS,
9161,7612,2019-10-22,ANDERSON PEREIRA,Sim,PROS,
9161,7612,2019-10-22,CHIQUINHO DA EMATER,Sim,PSB,
9161,7612,2019-10-22,EDSON MARTINS,Sim,MDB,
9161,7612,2019-10-22,EYDER BRASIL,Sim,,sem filiação registrada cobrindo a data de referência
9161,7612,2019-10-22,EZEQUIEL NEIVA,Sim,PTB,
9161,7612,2019-10-22,ISMAEL CRISPIN,Sim,PSB,
9161,7612,2019-10-22,JAIR MONTES,Sim,AVANTE,
9161,7612,2019-10-22,JEAN OLIVEIRA,Sim,MDB,
9161,7612,2019-10-22,JHONY PAIXÃO,Sim,REPUBLICANOS,
9161,7612,2019-10-22,LAZINHO DA FETAGRO,Sim,PT,
9161,7612,2019-10-22,LEBRÃO,Sim,MDB,
9161,7612,2019-10-22,MARCELO CRUZ,Sim,PTB,
9161,7612,2019-10-22,ROSÂNGELA DONADON,Sim,PDT,
9161,7620,2019-10-22,ADAILTON FÚRIA,Sim,PSD,
9161,7620,2019-10-22,ADELINO FOLLADOR,Sim,,sem filiação registrada cobrindo a data de referência
9161,7620,2019-10-22,AÉLCIO DA TV,Não,PP,
9161,7620,2019-10-22,ALEX REDANO,Sim,REPUBLICANOS,
9161,7620,2019-10-22,ANDERSON PEREIRA,Sim,PROS,
9161,7620,2019-10-22,CHIQUINHO DA EMATER,Sim,PSB,
9161,7620,2019-10-22,EDSON MARTINS,Sim,MDB,
9161,7620,2019-10-22,EYDER BRASIL,Sim,,sem filiação registrada cobrindo a data de referência
9161,7620,2019-10-22,EZEQUIEL NEIVA,Sim,PTB,
9161,7620,2019-10-22,ISMAEL CRISPIN,Sim,PSB,
9161,7620,2019-10-22,JAIR MONTES,Sim,AVANTE,
9161,7620,2019-10-22,JEAN OLIVEIRA,Sim,MDB,
9161,7620,2019-10-22,JHONY PAIXÃO,Sim,REPUBLICANOS,
9161,7620,2019-10-22,LAZINHO DA FETAGRO,Sim,PT,
9161,7620,2019-10-22,LEBRÃO,Sim,MDB,
9161,7620,2019-10-22,MARCELO CRUZ,Sim,PTB,
9161,7620,2019-10-22,ROSÂNGELA DONADON,Sim,PDT,
9528,7224,2020-11-24,ADELINO FOLLADOR,Sim,,sem filiação registrada cobrindo a data de referência
9528,7224,2020-11-24,AÉLCIO DA TV,Sim,PP,
9528,7224,2020-11-24,ALEX REDANO,Sim,REPUBLICANOS,
9528,7224,2020-11-24,ANDERSON PEREIRA,Sim,PROS,
9528,7224,2020-11-24,CÁSSIA MULETA,Sim,PODE,
9528,7224,2020-11-24,CHIQUINHO DA EMATER,Sim,PSB,
9528,7224,2020-11-24,DR. NEIDSON,Sim,PMN,
9528,7224,2020-11-24,EDSON MARTINS,Sim,MDB,
9528,7224,2020-11-24,EYDER BRASIL,Sim,PSL,
9528,7224,2020-11-24,EZEQUIEL NEIVA,Sim,PTB,
9528,7224,2020-11-24,ISMAEL CRISPIN,Sim,PSB,
9528,7224,2020-11-24,JHONY PAIXÃO,Sim,REPUBLICANOS,
9528,7224,2020-11-24,LAERTE GOMES,Não Votou,PSDB,
9528,7224,2020-11-24,LAZINHO DA FETAGRO,Sim,PT,
9528,7224,2020-11-24,LEBRÃO,Sim,MDB,
9528,7224,2020-11-24,LUIZINHO GOEBEL,Sim,PV,
9528,7224,2020-11-24,ROSÂNGELA DONADON,Sim,PDT,
9528,8189,2020-11-24,ADAILTON FÚRIA,Sim,PSD,
9528,8189,2020-11-24,ADELINO FOLLADOR,Sim,,sem filiação registrada cobrindo a data de referência
9528,8189,2020-11-24,AÉLCIO DA TV,Sim,PP,
9528,8189,2020-11-24,ALEX REDANO,Sim,REPUBLICANOS,
9528,8189,2020-11-24,ALEX SILVA,Não Votou,REPUBLICANOS,
9528,8189,2020-11-24,ANDERSON PEREIRA,Sim,PROS,
9528,8189,2020-11-24,CÁSSIA MULETA,Sim,PODE,
9528,8189,2020-11-24,CHIQUINHO DA EMATER,Sim,PSB,
9528,8189,2020-11-24,CIRONE DEIRÓ,Não Votou,PODE,
9528,8189,2020-11-24,DR. NEIDSON,Sim,PMN,
9528,8189,2020-11-24,EDSON MARTINS,Não Votou,MDB,
9528,8189,2020-11-24,EYDER BRASIL,Sim,PSL,
9528,8189,2020-11-24,EZEQUIEL NEIVA,Sim,PTB,
9528,8189,2020-11-24,ISMAEL CRISPIN,Sim,PSB,
9528,8189,2020-11-24,JAIR MONTES,Não Votou,AVANTE,
9528,8189,2020-11-24,JEAN OLIVEIRA,Não Votou,MDB,
9528,8189,2020-11-24,JHONY PAIXÃO,Sim,REPUBLICANOS,
9528,8189,2020-11-24,LAERTE GOMES,Sim,PSDB,
9528,8189,2020-11-24,LAZINHO DA FETAGRO,Sim,PT,
9528,8189,2020-11-24,LEBRÃO,Sim,MDB,
9528,8189,2020-11-24,LUIZINHO GOEBEL,Não Votou,PV,
9528,8189,2020-11-24,MARCELO CRUZ,Sim,PATRIOTA,
9528,8189,2020-11-24,ROSÂNGELA DONADON,Sim,PDT,
9726,8302,2021-04-20,ADELINO FOLLADOR,Sim,,sem filiação registrada cobrindo a data de referência
9726,8302,2021-04-20,AÉLCIO DA TV,Sim,PP,
9726,8302,2021-04-20,ALAN QUEIROZ,Não Votou,PSDB,
9726,8302,2021-04-20,ALEX REDANO,Sim,REPUBLICANOS,
9726,8302,2021-04-20,ALEX SILVA,Não Votou,REPUBLICANOS,
9726,8302,2021-04-20,ANDERSON PEREIRA,Sim,PROS,
9726,8302,2021-04-20,CÁSSIA MULETA,Sim,PODE,
9726,8302,2021-04-20,CHIQUINHO DA EMATER,Sim,PSB,
9726,8302,2021-04-20,CIRONE DEIRÓ,Sim,PODE,
9726,8302,2021-04-20,DR. NEIDSON,Não Votou,PMN,
9726,8302,2021-04-20,EDSON MARTINS,Sim,MDB,
9726,8302,2021-04-20,EYDER BRASIL,Sim,PSL,
9726,8302,2021-04-20,EZEQUIEL NEIVA,Sim,PTB,
9726,8302,2021-04-20,GERALDO DA RONDÔNIA,Não Votou,PSC,
9726,8302,2021-04-20,ISMAEL CRISPIN,Sim,PSB,
9726,8302,2021-04-20,JAIR MONTES,Sim,AVANTE,
9726,8302,2021-04-20,JEAN OLIVEIRA,Sim,MDB,
9726,8302,2021-04-20,JHONY PAIXÃO,Não Votou,REPUBLICANOS,
9726,8302,2021-04-20,LAERTE GOMES,Sim,PSDB,
9726,8302,2021-04-20,LAZINHO DA FETAGRO,Não Votou,PT,
9726,8302,2021-04-20,LEBRÃO,Sim,MDB,
9726,8302,2021-04-20,LUIZINHO GOEBEL,Sim,PV,
9726,8302,2021-04-20,MARCELO CRUZ,Sim,PATRIOTA,
9726,8302,2021-04-20,ROSÂNGELA DONADON,Não Votou,PDT,
9726,8304,2021-04-20,ADELINO FOLLADOR,Sim,,sem filiação registrada cobrindo a data de referência
9726,8304,2021-04-20,AÉLCIO DA TV,Sim,PP,
9726,8304,2021-04-20,ALAN QUEIROZ,Sim,PSDB,
9726,8304,2021-04-20,ALEX REDANO,Sim,REPUBLICANOS,
9726,8304,2021-04-20,ANDERSON PEREIRA,Sim,PROS,
9726,8304,2021-04-20,CÁSSIA MULETA,Sim,PODE,
9726,8304,2021-04-20,CHIQUINHO DA EMATER,Sim,PSB,
9726,8304,2021-04-20,CIRONE DEIRÓ,Sim,PODE,
9726,8304,2021-04-20,DR. NEIDSON,Sim,PMN,
9726,8304,2021-04-20,EDSON MARTINS,Sim,MDB,
9726,8304,2021-04-20,EYDER BRASIL,Sim,PSL,
9726,8304,2021-04-20,EZEQUIEL NEIVA,Sim,PTB,
9726,8304,2021-04-20,ISMAEL CRISPIN,Sim,PSB,
9726,8304,2021-04-20,JAIR MONTES,Sim,AVANTE,
9726,8304,2021-04-20,LAERTE GOMES,Sim,PSDB,
9726,8304,2021-04-20,LEBRÃO,Sim,MDB,
9726,8304,2021-04-20,LUIZINHO GOEBEL,Sim,PV,
9726,8304,2021-04-20,MARCELO CRUZ,Sim,PATRIOTA,
9854,8619,2021-07-06,ADELINO FOLLADOR,Sim,,sem filiação registrada cobrindo a data de referência
9854,8619,2021-07-06,AÉLCIO DA TV,Sim,PP,
9854,8619,2021-07-06,ALAN QUEIROZ,Sim,PSDB,
9854,8619,2021-07-06,ALEX REDANO,Não Votou,REPUBLICANOS,
9854,8619,2021-07-06,ALEX SILVA,Sim,REPUBLICANOS,
9854,8619,2021-07-06,ANDERSON PEREIRA,Sim,PROS,
9854,8619,2021-07-06,CÁSSIA MULETA,Não Votou,PODE,
9854,8619,2021-07-06,CHIQUINHO DA EMATER,Sim,PSB,
9854,8619,2021-07-06,CIRONE DEIRÓ,Sim,PODE,
9854,8619,2021-07-06,DR. NEIDSON,Sim,PMN,
9854,8619,2021-07-06,EYDER BRASIL,Sim,PSL,
9854,8619,2021-07-06,EZEQUIEL NEIVA,Sim,PTB,
9854,8619,2021-07-06,GERALDO DA RONDÔNIA,Sim,PSC,
9854,8619,2021-07-06,ISMAEL CRISPIN,Sim,PSB,
9854,8619,2021-07-06,JAIR MONTES,Sim,AVANTE,
9854,8619,2021-07-06,JEAN OLIVEIRA,Sim,MDB,
9854,8619,2021-07-06,LEBRÃO,Sim,MDB,
9854,8619,2021-07-06,LUIZINHO GOEBEL,Sim,PV,
9854,8619,2021-07-06,MARCELO CRUZ,Sim,PATRIOTA,
9854,8619,2021-07-06,ROSÂNGELA DONADON,Sim,PDT,
9854,8701,2021-07-06,ADELINO FOLLADOR,Sim,,sem filiação registrada cobrindo a data de referência
9854,8701,2021-07-06,AÉLCIO DA TV,Sim,PP,
9854,8701,2021-07-06,ALAN QUEIROZ,Sim,PSDB,
9854,8701,2021-07-06,ALEX REDANO,Não Votou,REPUBLICANOS,
9854,8701,2021-07-06,ALEX SILVA,Sim,REPUBLICANOS,
9854,8701,2021-07-06,ANDERSON PEREIRA,Sim,PROS,
9854,8701,2021-07-06,CÁSSIA MULETA,Sim,PODE,
9854,8701,2021-07-06,CHIQUINHO DA EMATER,Não Votou,PSB,
9854,8701,2021-07-06,CIRONE DEIRÓ,Sim,PODE,
9854,8701,2021-07-06,DR. NEIDSON,Sim,PMN,
9854,8701,2021-07-06,EDSON MARTINS,Não Votou,MDB,
9854,8701,2021-07-06,EYDER BRASIL,Não Votou,PSL,
9854,8701,2021-07-06,EZEQUIEL NEIVA,Sim,PTB,
9854,8701,2021-07-06,GERALDO DA RONDÔNIA,Sim,PSC,
9854,8701,2021-07-06,ISMAEL CRISPIN,Sim,PSB,
9854,8701,2021-07-06,JAIR MONTES,Sim,AVANTE,
9854,8701,2021-07-06,JEAN OLIVEIRA,Sim,MDB,
9854,8701,2021-07-06,JHONY PAIXÃO,Sim,REPUBLICANOS,
9854,8701,2021-07-06,LAERTE GOMES,Não Votou,PSDB,
9854,8701,2021-07-06,LAZINHO DA FETAGRO,Não Votou,PT,
9854,8701,2021-07-06,LEBRÃO,Sim,MDB,
9854,8701,2021-07-06,LUIZINHO GOEBEL,Não Votou,PV,
9854,8701,2021-07-06,MARCELO CRUZ,Sim,PATRIOTA,
9854,8701,2021-07-06,ROSÂNGELA DONADON,Não Votou,PDT,
9855,8621,2021-07-06,ADELINO FOLLADOR,Sim,,sem filiação registrada cobrindo a data de referência
9855,8621,2021-07-06,AÉLCIO DA TV,Sim,PP,
9855,8621,2021-07-06,ALAN QUEIROZ,Sim,PSDB,
9855,8621,2021-07-06,ALEX REDANO,Não Votou,REPUBLICANOS,
9855,8621,2021-07-06,ALEX SILVA,Sim,REPUBLICANOS,
9855,8621,2021-07-06,ANDERSON PEREIRA,Sim,PROS,
9855,8621,2021-07-06,CÁSSIA MULETA,Sim,PODE,
9855,8621,2021-07-06,CHIQUINHO DA EMATER,Sim,PSB,
9855,8621,2021-07-06,CIRONE DEIRÓ,Sim,PODE,
9855,8621,2021-07-06,DR. NEIDSON,Sim,PMN,
9855,8621,2021-07-06,EYDER BRASIL,Sim,PSL,
9855,8621,2021-07-06,EZEQUIEL NEIVA,Sim,PTB,
9855,8621,2021-07-06,GERALDO DA RONDÔNIA,Sim,PSC,
9855,8621,2021-07-06,ISMAEL CRISPIN,Sim,PSB,
9855,8621,2021-07-06,JAIR MONTES,Sim,AVANTE,
9855,8621,2021-07-06,JEAN OLIVEIRA,Sim,MDB,
9855,8621,2021-07-06,LEBRÃO,Sim,MDB,
9855,8621,2021-07-06,LUIZINHO GOEBEL,Sim,PV,
9855,8621,2021-07-06,MARCELO CRUZ,Sim,PATRIOTA,
9855,8621,2021-07-06,ROSÂNGELA DONADON,Sim,PDT,
9855,8702,2021-07-06,ADELINO FOLLADOR,Sim,,sem filiação registrada cobrindo a data de referência
9855,8702,2021-07-06,AÉLCIO DA TV,Sim,PP,
9855,8702,2021-07-06,ALAN QUEIROZ,Sim,PSDB,
9855,8702,2021-07-06,ALEX REDANO,Não Votou,REPUBLICANOS,
9855,8702,2021-07-06,ALEX SILVA,Sim,REPUBLICANOS,
9855,8702,2021-07-06,ANDERSON PEREIRA,Sim,PROS,
9855,8702,2021-07-06,CÁSSIA MULETA,Sim,PODE,
9855,8702,2021-07-06,CHIQUINHO DA EMATER,Sim,PSB,
9855,8702,2021-07-06,CIRONE DEIRÓ,Não Votou,PODE,
9855,8702,2021-07-06,DR. NEIDSON,Sim,PMN,
9855,8702,2021-07-06,EDSON MARTINS,Não Votou,MDB,
9855,8702,2021-07-06,EYDER BRASIL,Sim,PSL,
9855,8702,2021-07-06,EZEQUIEL NEIVA,Sim,PTB,
9855,8702,2021-07-06,GERALDO DA RONDÔNIA,Não Votou,PSC,
9855,8702,2021-07-06,ISMAEL CRISPIN,Sim,PSB,
9855,8702,2021-07-06,JAIR MONTES,Não Votou,AVANTE,
9855,8702,2021-07-06,JEAN OLIVEIRA,Sim,MDB,
9855,8702,2021-07-06,JHONY PAIXÃO,Sim,REPUBLICANOS,
9855,8702,2021-07-06,LAERTE GOMES,Sim,PSDB,
9855,8702,2021-07-06,LAZINHO DA FETAGRO,Não Votou,PT,
9855,8702,2021-07-06,LEBRÃO,Sim,MDB,
9855,8702,2021-07-06,LUIZINHO GOEBEL,Não Votou,PV,
9855,8702,2021-07-06,MARCELO CRUZ,Não Votou,PATRIOTA,
9855,8702,2021-07-06,ROSÂNGELA DONADON,Não Votou,PDT,
9856,8622,2021-07-06,ADELINO FOLLADOR,Sim,,sem filiação registrada cobrindo a data de referência
9856,8622,2021-07-06,AÉLCIO DA TV,Sim,PP,
9856,8622,2021-07-06,ALAN QUEIROZ,Sim,PSDB,
9856,8622,2021-07-06,ALEX REDANO,Não Votou,REPUBLICANOS,
9856,8622,2021-07-06,ALEX SILVA,Sim,REPUBLICANOS,
9856,8622,2021-07-06,ANDERSON PEREIRA,Sim,PROS,
9856,8622,2021-07-06,CÁSSIA MULETA,Sim,PODE,
9856,8622,2021-07-06,CHIQUINHO DA EMATER,Sim,PSB,
9856,8622,2021-07-06,CIRONE DEIRÓ,Sim,PODE,
9856,8622,2021-07-06,DR. NEIDSON,Sim,PMN,
9856,8622,2021-07-06,EYDER BRASIL,Sim,PSL,
9856,8622,2021-07-06,EZEQUIEL NEIVA,Sim,PTB,
9856,8622,2021-07-06,GERALDO DA RONDÔNIA,Sim,PSC,
9856,8622,2021-07-06,ISMAEL CRISPIN,Sim,PSB,
9856,8622,2021-07-06,JAIR MONTES,Sim,AVANTE,
9856,8622,2021-07-06,JEAN OLIVEIRA,Sim,MDB,
9856,8622,2021-07-06,LEBRÃO,Sim,MDB,
9856,8622,2021-07-06,LUIZINHO GOEBEL,Não Votou,PV,
9856,8622,2021-07-06,MARCELO CRUZ,Não Votou,PATRIOTA,
9856,8622,2021-07-06,ROSÂNGELA DONADON,Sim,PDT,
9856,8703,2021-07-06,ADELINO FOLLADOR,Sim,,sem filiação registrada cobrindo a data de referência
9856,8703,2021-07-06,AÉLCIO DA TV,Sim,PP,
9856,8703,2021-07-06,ALAN QUEIROZ,Sim,PSDB,
9856,8703,2021-07-06,ALEX REDANO,Não Votou,REPUBLICANOS,
9856,8703,2021-07-06,ALEX SILVA,Sim,REPUBLICANOS,
9856,8703,2021-07-06,ANDERSON PEREIRA,Sim,PROS,
9856,8703,2021-07-06,CÁSSIA MULETA,Sim,PODE,
9856,8703,2021-07-06,CHIQUINHO DA EMATER,Sim,PSB,
9856,8703,2021-07-06,CIRONE DEIRÓ,Sim,PODE,
9856,8703,2021-07-06,DR. NEIDSON,Sim,PMN,
9856,8703,2021-07-06,EDSON MARTINS,Não Votou,MDB,
9856,8703,2021-07-06,EYDER BRASIL,Sim,PSL,
9856,8703,2021-07-06,EZEQUIEL NEIVA,Sim,PTB,
9856,8703,2021-07-06,GERALDO DA RONDÔNIA,Sim,PSC,
9856,8703,2021-07-06,ISMAEL CRISPIN,Sim,PSB,
9856,8703,2021-07-06,JAIR MONTES,Sim,AVANTE,
9856,8703,2021-07-06,JEAN OLIVEIRA,Sim,MDB,
9856,8703,2021-07-06,JHONY PAIXÃO,Sim,REPUBLICANOS,
9856,8703,2021-07-06,LAERTE GOMES,Não Votou,PSDB,
9856,8703,2021-07-06,LAZINHO DA FETAGRO,Não Votou,PT,
9856,8703,2021-07-06,LEBRÃO,Sim,MDB,
9856,8703,2021-07-06,LUIZINHO GOEBEL,Não Votou,PV,
9856,8703,2021-07-06,MARCELO CRUZ,Sim,PATRIOTA,
9856,8703,2021-07-06,ROSÂNGELA DONADON,Não Votou,PDT,
10268,9693,2021-12-15,ADELINO FOLLADOR,Sim,,sem filiação registrada cobrindo a data de referência
10268,9693,2021-12-15,ALAN QUEIROZ,Sim,PSDB,
10268,9693,2021-12-15,ALEX REDANO,Abstenção,REPUBLICANOS,
10268,9693,2021-12-15,ALEX SILVA,Sim,REPUBLICANOS,
10268,9693,2021-12-15,ANDERSON PEREIRA,Sim,PROS,
10268,9693,2021-12-15,CÁSSIA MULETA,Sim,PODE,
10268,9693,2021-12-15,CHIQUINHO DA EMATER,Sim,PSB,
10268,9693,2021-12-15,CIRONE DEIRÓ,Sim,PODE,
10268,9693,2021-12-15,DR. NEIDSON,Sim,PMN,
10268,9693,2021-12-15,EYDER BRASIL,Sim,PSL,
10268,9693,2021-12-15,EZEQUIEL NEIVA,Sim,PTB,
10268,9693,2021-12-15,GERALDO DA RONDÔNIA,Não Votou,PSC,
10268,9693,2021-12-15,ISMAEL CRISPIN,Sim,PSB,
10268,9693,2021-12-15,JAIR MONTES,Sim,AVANTE,
10268,9693,2021-12-15,JEAN MENDONÇA,Sim,PODE,
10268,9693,2021-12-15,JEAN OLIVEIRA,Não Votou,MDB,
10268,9693,2021-12-15,JHONY PAIXÃO,Não Votou,REPUBLICANOS,
10268,9693,2021-12-15,LAERTE GOMES,Não Votou,PSDB,
10268,9693,2021-12-15,LAZINHO DA FETAGRO,Sim,PT,
10268,9693,2021-12-15,LEBRÃO,Sim,MDB,
10268,9693,2021-12-15,LUIZINHO GOEBEL,Sim,PV,
10268,9693,2021-12-15,MARCELO CRUZ,Não Votou,PATRIOTA,
10268,9693,2021-12-15,ROSÂNGELA DONADON,Sim,PDT,
10268,9742,2021-12-15,ADELINO FOLLADOR,Não Votou,,sem filiação registrada cobrindo a data de referência
10268,9742,2021-12-15,ALEX REDANO,Abstenção,REPUBLICANOS,
10268,9742,2021-12-15,ALEX SILVA,Sim,REPUBLICANOS,
10268,9742,2021-12-15,ANDERSON PEREIRA,Sim,PROS,
10268,9742,2021-12-15,CÁSSIA MULETA,Sim,PODE,
10268,9742,2021-12-15,CHIQUINHO DA EMATER,Sim,PSB,
10268,9742,2021-12-15,CIRONE DEIRÓ,Sim,PODE,
10268,9742,2021-12-15,DR. NEIDSON,Sim,PMN,
10268,9742,2021-12-15,EYDER BRASIL,Sim,PSL,
10268,9742,2021-12-15,EZEQUIEL NEIVA,Sim,PTB,
10268,9742,2021-12-15,ISMAEL CRISPIN,Sim,PSB,
10268,9742,2021-12-15,JAIR MONTES,Sim,AVANTE,
10268,9742,2021-12-15,JEAN MENDONÇA,Sim,PODE,
10268,9742,2021-12-15,LAERTE GOMES,Não Votou,PSDB,
10268,9742,2021-12-15,LAZINHO DA FETAGRO,Sim,PT,
10268,9742,2021-12-15,LEBRÃO,Sim,MDB,
10268,9742,2021-12-15,LUIZINHO GOEBEL,Sim,PV,
10268,9742,2021-12-15,MARCELO CRUZ,Não Votou,PATRIOTA,
10268,9742,2021-12-15,ROSÂNGELA DONADON,Sim,PDT,
10545,9895,2022-03-30,ADELINO FOLLADOR,Não Votou,,sem filiação registrada cobrindo a data de referência
10545,9895,2022-03-30,ALAN QUEIROZ,Sim,PSDB,
10545,9895,2022-03-30,ALEX REDANO,Abstenção,REPUBLICANOS,
10545,9895,2022-03-30,ALEX SILVA,Sim,REPUBLICANOS,
10545,9895,2022-03-30,ANDERSON PEREIRA,Sim,REPUBLICANOS,
10545,9895,2022-03-30,CÁSSIA MULETA,Sim,PODE,
10545,9895,2022-03-30,CHIQUINHO DA EMATER,Sim,PSB,
10545,9895,2022-03-30,CIRONE DEIRÓ,Sim,UNIÃO BRASIL,
10545,9895,2022-03-30,DR. NEIDSON,Sim,PMN,
10545,9895,2022-03-30,EYDER BRASIL,Sim,PL,"filiações sobrepostas (PL, PSL) — usada a mais recente"
10545,9895,2022-03-30,EZEQUIEL NEIVA,Sim,UNIÃO BRASIL,
10545,9895,2022-03-30,GERALDO DA RONDÔNIA,Não Votou,PSC,
10545,9895,2022-03-30,ISMAEL CRISPIN,Não Votou,PSB,
10545,9895,2022-03-30,JAIR MONTES,Não Votou,AVANTE,
10545,9895,2022-03-30,JEAN MENDONÇA,Sim,PL,
10545,9895,2022-03-30,JEAN OLIVEIRA,Não Votou,MDB,
10545,9895,2022-03-30,JHONY PAIXÃO,Sim,REPUBLICANOS,
10545,9895,2022-03-30,LAERTE GOMES,Não Votou,PSD,
10545,9895,2022-03-30,LAZINHO DA FETAGRO,Não Votou,PSB,
10545,9895,2022-03-30,LEBRÃO,Sim,UNIÃO BRASIL,
10545,9895,2022-03-30,LUIZINHO GOEBEL,Sim,PSC,
10545,9895,2022-03-30,MARCELO CRUZ,Não Votou,PATRIOTA,
10545,9895,2022-03-30,RIBAMAR ARAUJO,Sim,PL,
10545,9895,2022-03-30,ROSÂNGELA DONADON,Sim,UNIÃO BRASIL,"filiações sobrepostas (PDT, UNIÃO BRASIL) — usada a mais recente"
10545,10383,2022-03-31,ADELINO FOLLADOR,Sim,,sem filiação registrada cobrindo a data de referência
10545,10383,2022-03-31,ALAN QUEIROZ,Sim,PSDB,
10545,10383,2022-03-31,ALEX REDANO,Abstenção,REPUBLICANOS,
10545,10383,2022-03-31,ALEX SILVA,Sim,REPUBLICANOS,
10545,10383,2022-03-31,ANDERSON PEREIRA,Sim,REPUBLICANOS,
10545,10383,2022-03-31,CÁSSIA MULETA,Sim,PODE,
10545,10383,2022-03-31,CHIQUINHO DA EMATER,Sim,PSB,
10545,10383,2022-03-31,CIRONE DEIRÓ,Sim,UNIÃO BRASIL,
10545,10383,2022-03-31,DR. NEIDSON,Sim,PODE,"filiações sobrepostas (PMN, PODE) — usada a mais recente"
10545,10383,2022-03-31,EYDER BRASIL,Sim,PL,
10545,10383,2022-03-31,EZEQUIEL NEIVA,Sim,UNIÃO BRASIL,
10545,10383,2022-03-31,GERALDO DA RONDÔNIA,Não Votou,PSC,
10545,10383,2022-03-31,ISMAEL CRISPIN,Sim,PSB,
10545,10383,2022-03-31,JAIR MONTES,Não Votou,AVANTE,
10545,10383,2022-03-31,JEAN MENDONÇA,Sim,PL,
10545,10383,2022-03-31,JEAN OLIVEIRA,Não Votou,MDB,
10545,10383,2022-03-31,JHONY PAIXÃO,Sim,PSDB,"filiações sobrepostas (PSDB, REPUBLICANOS) — usada a mais recente"
10545,10383,2022-03-31,LAERTE GOMES,Sim,PSD,
10545,10383,2022-03-31,LAZINHO DA FETAGRO,Sim,PSB,
10545,10383,2022-03-31,LEBRÃO,Sim,UNIÃO BRASIL,
10545,10383,2022-03-31,LUIZINHO GOEBEL,Sim,PSC,
10545,10383,2022-03-31,MARCELO CRUZ,Sim,PATRIOTA,
10545,10383,2022-03-31,RIBAMAR ARAUJO,Sim,PL,
10545,10383,2022-03-31,ROSÂNGELA DONADON,Sim,UNIÃO BRASIL,
10741,10135,2022-05-17,ADELINO FOLLADOR,Não Votou,,sem filiação registrada cobrindo a data de referência
10741,10135,2022-05-17,ALAN QUEIROZ,Sim,PODE,
10741,10135,2022-05-17,ALEX REDANO,Abstenção,REPUBLICANOS,
10741,10135,2022-05-17,ALEX SILVA,Sim,REPUBLICANOS,
10741,10135,2022-05-17,ANDERSON PEREIRA,Sim,REPUBLICANOS,
10741,10135,2022-05-17,CÁSSIA MULETA,Sim,PODE,
10741,10135,2022-05-17,CHIQUINHO DA EMATER,Sim,PSB,
10741,10135,2022-05-17,CIRONE DEIRÓ,Sim,UNIÃO BRASIL,
10741,10135,2022-05-17,DR. NEIDSON,Não,PODE,
10741,10135,2022-05-17,EYDER BRASIL,Sim,PL,
10741,10135,2022-05-17,EZEQUIEL NEIVA,Sim,UNIÃO BRASIL,
10741,10135,2022-05-17,GERALDO DA RONDÔNIA,Não Votou,PSC,
10741,10135,2022-05-17,ISMAEL CRISPIN,Sim,PSB,
10741,10135,2022-05-17,JAIR MONTES,Não Votou,AVANTE,
10741,10135,2022-05-17,JEAN MENDONÇA,Sim,PL,
10741,10135,2022-05-17,JEAN OLIVEIRA,Não Votou,MDB,
10741,10135,2022-05-17,JHONY PAIXÃO,Sim,PSDB,
10741,10135,2022-05-17,LAERTE GOMES,Sim,PSD,
10741,10135,2022-05-17,LAZINHO DA FETAGRO,Não Votou,PSB,
10741,10135,2022-05-17,LEBRÃO,Sim,UNIÃO BRASIL,
10741,10135,2022-05-17,LUIZINHO GOEBEL,Sim,PSC,
10741,10135,2022-05-17,MARCELO CRUZ,Não Votou,PATRIOTA,
10741,10135,2022-05-17,RIBAMAR ARAUJO,Não Votou,PL,
10741,10135,2022-05-17,ROSÂNGELA DONADON,Sim,UNIÃO BRASIL,
10741,10420,2022-05-17,ADELINO FOLLADOR,Não Votou,,sem filiação registrada cobrindo a data de referência
10741,10420,2022-05-17,ALAN QUEIROZ,Sim,PODE,
10741,10420,2022-05-17,ALEX REDANO,Abstenção,REPUBLICANOS,
10741,10420,2022-05-17,ALEX SILVA,Sim,REPUBLICANOS,
10741,10420,2022-05-17,ANDERSON PEREIRA,Sim,REPUBLICANOS,
10741,10420,2022-05-17,CÁSSIA MULETA,Sim,PODE,
10741,10420,2022-05-17,CHIQUINHO DA EMATER,Sim,PSB,
10741,10420,2022-05-17,CIRONE DEIRÓ,Sim,UNIÃO BRASIL,
10741,10420,2022-05-17,DR. NEIDSON,Sim,PODE,
10741,10420,2022-05-17,EYDER BRASIL,Sim,PL,
10741,10420,2022-05-17,EZEQUIEL NEIVA,Sim,UNIÃO BRASIL,
10741,10420,2022-05-17,GERALDO DA RONDÔNIA,Não Votou,PSC,
10741,10420,2022-05-17,ISMAEL CRISPIN,Sim,PSB,
10741,10420,2022-05-17,JAIR MONTES,Sim,AVANTE,
10741,10420,2022-05-17,JEAN MENDONÇA,Sim,PL,
10741,10420,2022-05-17,JEAN OLIVEIRA,Não Votou,MDB,
10741,10420,2022-05-17,JHONY PAIXÃO,Não Votou,PSDB,
10741,10420,2022-05-17,LAERTE GOMES,Sim,PSD,
10741,10420,2022-05-17,LAZINHO DA FETAGRO,Não Votou,PSB,
10741,10420,2022-05-17,LEBRÃO,Sim,UNIÃO BRASIL,
10741,10420,2022-05-17,LUIZINHO GOEBEL,Sim,PSC,
10741,10420,2022-05-17,RIBAMAR ARAUJO,Não Votou,PL,
10741,10420,2022-05-17,ROSÂNGELA DONADON,Sim,UNIÃO BRASIL,
11716,12045,2023-10-10,AFFONSO CANDIDO,Sim,PL,
11716,12045,2023-10-10,ALAN QUEIROZ,Sim,PODE,
11716,12045,2023-10-10,ALEX REDANO,Sim,REPUBLICANOS,
11716,12045,2023-10-10,CÁSSIO GOIS,Não Votou,PSD,
11716,12045,2023-10-10,CIRONE DEIRÓ,Sim,UNIÃO BRASIL,
11716,12045,2023-10-10,CLÁUDIA DE JESUS,Sim,PT,
11716,12045,2023-10-10,DELEGADO CAMARGO,Abstenção,REPUBLICANOS,
11716,12045,2023-10-10,DELEGADO LUCAS,Sim,PP,
11716,12045,2023-10-10,Dra. TAÍSSA,Abstenção,PSC,
11716,12045,2023-10-10,EDEVALDO NEVES,Sim,PATRIOTA,
11716,12045,2023-10-10,EZEQUIEL NEIVA,Sim,UNIÃO BRASIL,
11716,12045,2023-10-10,GISLAINE LEBRINHA,Sim,UNIÃO BRASIL,
11716,12045,2023-10-10,IEDA CHAVES,Sim,UNIÃO BRASIL,
11716,12045,2023-10-10,JEAN MENDONÇA,Sim,PL,
11716,12045,2023-10-10,JEAN OLIVEIRA,Sim,MDB,
11716,12045,2023-10-10,LAERTE GOMES,Sim,PSD,
11716,12045,2023-10-10,LUIS DO HOSPITAL,Sim,MDB,
11716,12045,2023-10-10,LUIZINHO GOEBEL,Abstenção,PSC,
11716,12045,2023-10-10,MARCELO CRUZ,Sim,PATRIOTA,
11716,12045,2023-10-10,NIM BARROSO,Sim,PSD,
11716,12045,2023-10-10,PEDRO FERNANDES,Sim,PTB,
11716,12045,2023-10-10,RIBEIRO DO SINPOL,Sim,PATRIOTA,
11970,12420,2024-03-19,AFFONSO CANDIDO,Sim,PL,
11970,12420,2024-03-19,ALAN QUEIROZ,Não Votou,PODE,
11970,12420,2024-03-19,ALEX REDANO,Sim,REPUBLICANOS,
11970,12420,2024-03-19,CÁSSIO GOIS,Não Votou,PSD,
11970,12420,2024-03-19,CIRONE DEIRÓ,Não Votou,UNIÃO BRASIL,
11970,12420,2024-03-19,CLÁUDIA DE JESUS,Sim,PT,
11970,12420,2024-03-19,DELEGADO CAMARGO,Sim,REPUBLICANOS,
11970,12420,2024-03-19,DELEGADO LUCAS,Não Votou,PP,
11970,12420,2024-03-19,Dra. TAÍSSA,Sim,,sem filiação registrada cobrindo a data de referência
11970,12420,2024-03-19,EDEVALDO NEVES,Sim,PRD,
11970,12420,2024-03-19,GISLAINE LEBRINHA,Não Votou,UNIÃO BRASIL,
11970,12420,2024-03-19,IEDA CHAVES,Sim,UNIÃO BRASIL,
11970,12420,2024-03-19,ISMAEL CRISPIN,Não Votou,MDB,
11970,12420,2024-03-19,JEAN MENDONÇA,Sim,PL,
11970,12420,2024-03-19,LAERTE GOMES,Não Votou,PSD,
11970,12420,2024-03-19,LUIS DO HOSPITAL,Sim,MDB,
11970,12420,2024-03-19,LUIZINHO GOEBEL,Sim,PODE,
11970,12420,2024-03-19,MARCELO CRUZ,Não Votou,,sem filiação registrada cobrindo a data de referência
11970,12420,2024-03-19,NIM BARROSO,Não Votou,PSD,
11970,12420,2024-03-19,PEDRO FERNANDES,Sim,PRD,
11970,12420,2024-03-19,RIBEIRO DO SINPOL,Sim,PRD,
11970,12420,2024-03-19,ROSÂNGELA DONADON,Sim,UNIÃO BRASIL,
12792,13633,2025-05-29,ALAN QUEIROZ,Sim,PODE,
12792,13633,2025-05-29,ALEX REDANO,Sim,REPUBLICANOS,
12792,13633,2025-05-29,CÁSSIO GOIS,Sim,PSD,
12792,13633,2025-05-29,CIRONE DEIRÓ,Sim,UNIÃO BRASIL,
12792,13633,2025-05-29,CLÁUDIA DE JESUS,Não Votou,PT,
12792,13633,2025-05-29,DELEGADO CAMARGO,Sim,REPUBLICANOS,
12792,13633,2025-05-29,DELEGADO LUCAS,Sim,PP,
12792,13633,2025-05-29,Dra. TAÍSSA,Sim,PODE,
12792,13633,2025-05-29,EDEVALDO NEVES,Sim,PRD,
12792,13633,2025-05-29,EYDER BRASIL,Sim,PL,
12792,13633,2025-05-29,EZEQUIEL NEIVA,Sim,UNIÃO BRASIL,
12792,13633,2025-05-29,GISLAINE LEBRINHA,Sim,UNIÃO BRASIL,
12792,13633,2025-05-29,IEDA CHAVES,Sim,UNIÃO BRASIL,
12792,13633,2025-05-29,ISMAEL CRISPIN,Sim,MDB,
12792,13633,2025-05-29,JEAN MENDONÇA,Sim,PL,
12792,13633,2025-05-29,JEAN OLIVEIRA,Sim,MDB,
12792,13633,2025-05-29,LAERTE GOMES,Sim,PSD,
12792,13633,2025-05-29,LUIS DO HOSPITAL,Sim,MDB,
12792,13633,2025-05-29,LUIZINHO GOEBEL,Sim,PODE,
12792,13633,2025-05-29,MARCELO CRUZ,Sim,PRTB,
12792,13633,2025-05-29,NIM BARROSO,Sim,PSD,
12792,13633,2025-05-29,PEDRO FERNANDES,Sim,PRD,
12792,13633,2025-05-29,RIBEIRO DO SINPOL,Sim,PRD,
12792,13633,2025-05-29,ROSÂNGELA DONADON,Sim,UNIÃO BRASIL,
