origem,fonte_sapl,fonte_tipo,fonte_num,fonte_ano,fonte_data,tipo_cod,tipo_sigla,relacao,alvo_kind,alvo_sapl,alvo_tipo,alvo_num,alvo_ano,alvo_data,sentido,fonte_na_selecao,alvo_na_selecao,fonte_escopo,fonte_janela,alvo_escopo,alvo_janela,fonte_pdf_url,alvo_pdf_url,fonte_texto_ok,alvo_texto_ok,normalizacao,revisar
registrado,3887,Lei ordinária,1861,2008,2008-01-10,,,originada de (PL),materia,973,Matéria (PL),186,2007,,norma→matéria,False,,SEM_SINAL,contexto,,,http://sapl.al.ro.leg.br/media/sapl/public/normajuridica/2008/3887/3887_texto_integral.pdf,http://sapl.al.ro.leg.br/media/sapl/public/materialegislativa/2007/973/973_texto_integral.pdf,True,False,,False
registrado,4356,Lei ordinária,2027,2009,2009-01-19,,,originada de (PL),materia,731,Matéria (PL),6,2007,,norma→matéria,False,,ESCOPO,contexto,,,http://sapl.al.ro.leg.br/media/sapl/public/normajuridica/2009/4356/4356_texto_integral.pdf,http://sapl.al.ro.leg.br/media/sapl/public/materialegislativa/2007/731/731_texto_integral.pdf,True,False,,False
registrado,5019,Lei Complementar,581,2010,2010-06-30,,,originada de (PL),materia,1522,Matéria (PL),244,2010,,norma→matéria,True,,ESCOPO,analise,,,http://sapl.al.ro.leg.br/media/sapl/public/normajuridica/2010/5019/5019_texto_integral.pdf,http://sapl.al.ro.leg.br/media/sapl/public/materialegislativa/2010/1522/1522_texto_integral.pdf,True,False,,False
inferido,5039,Lei Complementar,586,2010,2010-07-19,,,modifica (INFERIDO: verbo 'revoga'),norma,366,Lei Complementar,233,2000,2000-06-06,fonte→alvo,True,False,ESCOPO,analise,ESCOPO,contexto,http://sapl.al.ro.leg.br/media/sapl/public/normajuridica/2010/5039/5039_texto_integral.pdf,http://sapl.al.ro.leg.br/media/sapl/public/normajuridica/2000/366/366_texto_integral.pdf,True,True,citação na ementa; vínculo NÃO registrado no SAPL,False
registrado,5039,Lei Complementar,586,2010,2010-07-19,,,originada de (PL),materia,1494,Matéria (PL),239,2010,,norma→matéria,True,,ESCOPO,analise,,,http://sapl.al.ro.leg.br/media/sapl/public/normajuridica/2010/5039/5039_texto_integral.pdf,http://sapl.al.ro.leg.br/media/sapl/public/materialegislativa/2010/1494/1494_texto_integral.pdf,True,False,,False
inferido,5040,Lei Complementar,587,2010,2010-07-19,,,modifica (INFERIDO: verbo 'revoga'),norma,366,Lei Complementar,233,2000,2000-06-06,fonte→alvo,True,False,ESCOPO,analise,ESCOPO,contexto,http://sapl.al.ro.leg.br/media/sapl/public/normajuridica/2010/5040/5040_texto_integral.pdf,http://sapl.al.ro.leg.br/media/sapl/public/normajuridica/2000/366/366_texto_integral.pdf,True,True,citação na ementa; vínculo NÃO registrado no SAPL,False
registrado,5040,Lei Complementar,587,2010,2010-07-19,,,originada de (PL),materia,1495,Matéria (PL),240,2010,,norma→matéria,True,,ESCOPO,analise,,,http://sapl.al.ro.leg.br/media/sapl/public/normajuridica/2010/5040/5040_texto_integral.pdf,http://sapl.al.ro.leg.br/media/sapl/public/materialegislativa/2010/1495/1495_texto_integral.pdf,True,False,,False
inferido,5041,Lei Complementar,588,2010,2010-07-19,,,modifica (INFERIDO: verbo 'revoga'),norma,366,Lei Complementar,233,2000,2000-06-06,fonte→alvo,True,False,ESCOPO,analise,ESCOPO,contexto,http://sapl.al.ro.leg.br/media/sapl/public/normajuridica/2010/5041/5041_texto_integral.pdf,http://sapl.al.ro.leg.br/media/sapl/public/normajuridica/2000/366/366_texto_integral.pdf,True,True,citação na ementa; vínculo NÃO registrado no SAPL,False
registrado,5041,Lei Complementar,588,2010,2010-07-19,,,originada de (PL),materia,1496,Matéria (PL),241,2010,,norma→matéria,True,,ESCOPO,analise,,,http://sapl.al.ro.leg.br/media/sapl/public/normajuridica/2010/5041/5041_texto_integral.pdf,http://sapl.al.ro.leg.br/media/sapl/public/materialegislativa/2010/1496/1496_texto_integral.pdf,True,False,,False
registrado,5042,Lei Complementar,585,2010,2010-07-19,,,originada de (PL),materia,1493,Matéria (PL),238,2010,,norma→matéria,True,,ESCOPO,analise,,,http://sapl.al.ro.leg.br/media/sapl/public/normajuridica/2010/5042/5042_texto_integral.pdf,http://sapl.al.ro.leg.br/media/sapl/public/materialegislativa/2010/1493/1493_texto_integral.pdf,True,False,,False
inferido,5043,Lei Complementar,589,2010,2010-07-19,,,modifica (INFERIDO: verbo 'revoga'),norma,366,Lei Complementar,233,2000,2000-06-06,fonte→alvo,True,False,ESCOPO,analise,ESCOPO,contexto,http://sapl.al.ro.leg.br/media/sapl/public/normajuridica/2010/5043/5043_texto_integral.pdf,http://sapl.al.ro.leg.br/media/sapl/public/normajuridica/2000/366/366_texto_integral.pdf,True,True,citação na ementa; vínculo NÃO registrado no SAPL,False
registrado,5043,Lei Complementar,589,2010,2010-07-19,,,originada de (PL),materia,1497,Matéria (PL),242,2010,,norma→matéria,True,,ESCOPO,analise,,,http://sapl.al.ro.leg.br/media/sapl/public/normajuridica/2010/5043/5043_texto_integral.pdf,http://sapl.al.ro.leg.br/media/sapl/public/materialegislativa/2010/1497/1497_texto_integral.pdf,True,False,,False
registrado,5044,Lei Complementar,584,2010,2010-07-20,,,originada de (PL),materia,1492,Matéria (PL),237,2010,,norma→matéria,True,,ESCOPO,analise,,,http://sapl.al.ro.leg.br/media/sapl/public/normajuridica/2010/5044/5044_texto_integral.pdf,http://sapl.al.ro.leg.br/media/sapl/public/materialegislativa/2010/1492/1492_texto_integral.pdf,True,False,,False
registrado,5108,Lei ordinária,2363,2010,2010-11-29,,,originada de (PL),materia,1542,Matéria (PL),875,2010,,norma→matéria,False,,PROVAVEL,analise,,,http://sapl.al.ro.leg.br/media/sapl/public/normajuridica/2010/5108/5108_texto_integral.pdf,http://sapl.al.ro.leg.br/media/sapl/public/materialegislativa/2010/1542/1542_texto_integral.pdf,True,False,,False
registrado,5167,Lei Complementar,600,2011,2011-01-10,,,originada de (PL),materia,1678,Matéria (PL),267,2010,,norma→matéria,True,,ESCOPO,analise,,,http://sapl.al.ro.leg.br/media/sapl/public/normajuridica/2011/5167/5167_texto_integral.pdf,http://sapl.al.ro.leg.br/media/sapl/public/materialegislativa/2010/1678/1678_texto_integral.pdf,True,False,,False
registrado,5229,Lei ordinária,2425,2011,2011-03-03,,,originada de (PL),materia,699,Matéria (PL),501,2009,,norma→matéria,True,,ESCOPO,analise,,,http://sapl.al.ro.leg.br/media/sapl/public/normajuridica/2011/5229/5229_texto_integral.pdf,http://sapl.al.ro.leg.br/media/sapl/public/materialegislativa/2009/699/699_texto_integral.pdf,True,False,,False
registrado,5399,Lei ordinária,2508,2011,2011-07-06,1,,Altera,norma,5108,Lei ordinária,2363,2010,2010-11-29,fonte→alvo,True,False,ESCOPO,analise,PROVAVEL,analise,http://sapl.al.ro.leg.br/media/sapl/public/normajuridica/2011/5399/5399_texto_integral.pdf,http://sapl.al.ro.leg.br/media/sapl/public/normajuridica/2010/5108/5108_texto_integral.pdf,True,True,,False
registrado,5399,Lei ordinária,2508,2011,2011-07-06,,,originada de (PL),materia,1777,Matéria (PL),37,2011,,norma→matéria,True,,ESCOPO,analise,,,http://sapl.al.ro.leg.br/media/sapl/public/normajuridica/2011/5399/5399_texto_integral.pdf,http://sapl.al.ro.leg.br/media/sapl/public/materialegislativa/2011/1777/1777_texto_integral.pdf,True,False,,False
registrado,5387,Lei ordinária,2531,2011,2011-07-25,,,originada de (PL),materia,1287,Matéria (PL),764,2010,,norma→matéria,True,,ESCOPO,analise,,,http://sapl.al.ro.leg.br/media/sapl/public/normajuridica/2011/5387/5387_texto_integral.pdf,http://sapl.al.ro.leg.br/media/sapl/public/materialegislativa/2010/1287/1287_texto_integral.pdf,True,False,,False
registrado,5424,Lei ordinária,2541,2011,2011-08-16,1,,Altera,norma,1413,Lei ordinária,890,2000,2000-04-24,fonte→alvo,True,False,ESCOPO,analise,ESCOPO,contexto,http://sapl.al.ro.leg.br/media/sapl/public/normajuridica/2011/5424/5424_texto_integral.pdf,http://sapl.al.ro.leg.br/media/sapl/public/normajuridica/2000/1413/1413_texto_integral.pdf,True,True,,False
registrado,5424,Lei ordinária,2541,2011,2011-08-16,,,originada de (PL),materia,2513,Matéria (PL),144,2011,,norma→matéria,True,,ESCOPO,analise,,,http://sapl.al.ro.leg.br/media/sapl/public/normajuridica/2011/5424/5424_texto_integral.pdf,http://sapl.al.ro.leg.br/media/sapl/public/materialegislativa/2011/2513/2513_texto_integral.pdf,True,False,,False
registrado,5479,Lei Complementar,633,2011,2011-09-13,2,,Revoga integralmente,norma,1215,Lei ordinária,692,1996,1996-12-27,fonte→alvo,True,False,ESCOPO,analise,ESCOPO,contexto,http://sapl.al.ro.leg.br/media/sapl/public/normajuridica/2011/5479/5479_texto_integral.pdf,http://sapl.al.ro.leg.br/media/sapl/public/normajuridica/1996/1215/1215_texto_integral.pdf,True,True,,False
registrado,5479,Lei Complementar,633,2011,2011-09-13,3,,Revoga parcialmente,norma,5019,Lei Complementar,581,2010,2010-06-30,fonte→alvo,True,True,ESCOPO,analise,ESCOPO,analise,http://sapl.al.ro.leg.br/media/sapl/public/normajuridica/2011/5479/5479_texto_integral.pdf,http://sapl.al.ro.leg.br/media/sapl/public/normajuridica/2010/5019/5019_texto_integral.pdf,True,True,,False
registrado,5479,Lei Complementar,633,2011,2011-09-13,,,originada de (PL),materia,2869,Matéria (PL),28,2011,,norma→matéria,True,,ESCOPO,analise,,,http://sapl.al.ro.leg.br/media/sapl/public/normajuridica/2011/5479/5479_texto_integral.pdf,http://sapl.al.ro.leg.br/media/sapl/public/materialegislativa/2011/2869/2869_texto_integral.pdf,True,False,,False
registrado,5452,Lei ordinária,2555,2011,2011-09-15,,,originada de (PL),materia,2791,Matéria (PL),196,2011,,norma→matéria,False,,SEM_SINAL,analise,,,http://sapl.al.ro.leg.br/media/sapl/public/normajuridica/2011/5452/5452_texto_integral.pdf,http://sapl.al.ro.leg.br/media/sapl/public/materialegislativa/2011/2791/2791_texto_integral.pdf,True,False,,False
registrado,5496,Lei ordinária,2571,2011,2011-10-10,,,originada de (PL),materia,1831,Matéria (PL),71,2011,,norma→matéria,True,,ESCOPO,analise,,,http://sapl.al.ro.leg.br/media/sapl/public/normajuridica/2011/5496/5496_texto_integral.pdf,http://sapl.al.ro.leg.br/media/sapl/public/materialegislativa/2011/1831/1831_texto_integral.pdf,True,False,,False
registrado,5480,Lei Complementar,634,2011,2011-10-14,3,,Revoga parcialmente,norma,5019,Lei Complementar,581,2010,2010-06-30,fonte→alvo,False,True,FORA,analise,ESCOPO,analise,http://sapl.al.ro.leg.br/media/sapl/public/normajuridica/2011/5480/5480_texto_integral.pdf,http://sapl.al.ro.leg.br/media/sapl/public/normajuridica/2010/5019/5019_texto_integral.pdf,True,True,,False
registrado,5480,Lei Complementar,634,2011,2011-10-14,,,originada de (PL),materia,1617,Matéria (PL),254,2010,,norma→matéria,False,,FORA,analise,,,http://sapl.al.ro.leg.br/media/sapl/public/normajuridica/2011/5480/5480_texto_integral.pdf,http://sapl.al.ro.leg.br/media/sapl/public/materialegislativa/2010/1617/1617_texto_integral.pdf,True,False,,False
registrado,5485,Lei ordinária,2583,2011,2011-10-18,,,originada de (PL),materia,2722,Matéria (PL),170,2011,,norma→matéria,True,,ESCOPO,analise,,,http://sapl.al.ro.leg.br/media/sapl/public/normajuridica/2011/5485/5485_texto_integral.pdf,http://sapl.al.ro.leg.br/media/sapl/public/materialegislativa/2011/2722/2722_texto_integral.pdf,True,False,,False
registrado,5572,Lei ordinária,2640,2011,2011-12-07,1,,Altera,norma,5399,Lei ordinária,2508,2011,2011-07-06,fonte→alvo,False,True,SEM_SINAL,analise,ESCOPO,analise,http://sapl.al.ro.leg.br/media/sapl/public/normajuridica/2011/5572/5572_texto_integral.pdf,http://sapl.al.ro.leg.br/media/sapl/public/normajuridica/2011/5399/5399_texto_integral.pdf,True,True,,False
registrado,5572,Lei ordinária,2640,2011,2011-12-07,,,originada de (PL),materia,2962,Matéria (PL),225,2011,,norma→matéria,False,,SEM_SINAL,analise,,,http://sapl.al.ro.leg.br/media/sapl/public/normajuridica/2011/5572/5572_texto_integral.pdf,http://sapl.al.ro.leg.br/media/sapl/public/materialegislativa/2011/2962/2962_texto_integral.pdf,True,False,,False
registrado,5584,Lei Complementar,647,2011,2011-12-20,,,originada de (PL),materia,3290,Matéria (PL),39,2011,,norma→matéria,False,,REVISAR,analise,,,http://sapl.al.ro.leg.br/media/sapl/public/normajuridica/2011/5584/5584_texto_integral.pdf,http://sapl.al.ro.leg.br/media/sapl/public/materialegislativa/2011/3290/3290_texto_integral.pdf,False,False,,False
registrado,5711,Lei Complementar,664,2012,2012-05-07,,,originada de (PL),materia,3082,Matéria (PL),32,2011,,norma→matéria,True,,ESCOPO,analise,,,http://sapl.al.ro.leg.br/media/sapl/public/normajuridica/2012/5711/5711_texto_integral.pdf,http://sapl.al.ro.leg.br/media/sapl/public/materialegislativa/2011/3082/3082_texto_integral.pdf,True,False,,False
registrado,5999,Lei ordinária,2907,2012,2012-12-03,,,originada de (PL),materia,4209,Matéria (PL),610,2012,,norma→matéria,True,,ESCOPO,analise,,,http://sapl.al.ro.leg.br/media/sapl/public/normajuridica/2012/5999/5999_texto_integral.pdf,http://sapl.al.ro.leg.br/media/sapl/public/materialegislativa/2012/4209/4209_texto_integral.pdf,True,False,,False
registrado,6071,Lei ordinária,2962,2013,2013-01-10,,,originada de (PL),materia,4486,Matéria (PL),707,2012,,norma→matéria,True,,ESCOPO,analise,,,http://sapl.al.ro.leg.br/media/sapl/public/normajuridica/2013/6071/6071_texto_integral.pdf,http://sapl.al.ro.leg.br/media/sapl/public/materialegislativa/2012/4486/4486_texto_integral.pdf,True,False,,False
registrado,6149,Lei ordinária,2967,2013,2013-03-05,,,originada de (PL),materia,4075,Matéria (PL),572,2012,,norma→matéria,True,,ESCOPO,analise,,,http://sapl.al.ro.leg.br/media/sapl/public/normajuridica/2013/6149/6149_texto_integral.pdf,http://sapl.al.ro.leg.br/media/sapl/public/materialegislativa/2012/4075/4075_texto_integral.pdf,True,False,,False
registrado,6181,Lei ordinária,2996,2013,2013-03-15,,,originada de (PL),materia,3754,Matéria (PL),477,2012,,norma→matéria,True,,ESCOPO,analise,,,http://sapl.al.ro.leg.br/media/sapl/public/normajuridica/2013/6181/6181_texto_integral.pdf,http://sapl.al.ro.leg.br/media/sapl/public/materialegislativa/2012/3754/3754_texto_integral.pdf,True,False,,False
registrado,6285,Lei ordinária,3079,2013,2013-06-04,1,,Altera,norma,6181,Lei ordinária,2996,2013,2013-03-15,fonte→alvo,False,True,SEM_SINAL,analise,ESCOPO,analise,http://sapl.al.ro.leg.br/media/sapl/public/normajuridica/2013/6285/6285_texto_integral.pdf,http://sapl.al.ro.leg.br/media/sapl/public/normajuridica/2013/6181/6181_texto_integral.pdf,True,True,,False
registrado,6285,Lei ordinária,3079,2013,2013-06-04,,,originada de (PL),materia,5006,Matéria (PL),857,2013,,norma→matéria,False,,SEM_SINAL,analise,,,http://sapl.al.ro.leg.br/media/sapl/public/normajuridica/2013/6285/6285_texto_integral.pdf,http://sapl.al.ro.leg.br/media/sapl/public/materialegislativa/2013/5006/5006_texto_integral.pdf,True,False,,False
registrado,6451,Lei ordinária,3210,2013,2013-10-03,,,originada de (PL),materia,5047,Matéria (PL),882,2013,,norma→matéria,True,,ESCOPO,analise,,,http://sapl.al.ro.leg.br/media/sapl/public/normajuridica/2013/6451/6451_texto_integral.pdf,http://sapl.al.ro.leg.br/media/sapl/public/materialegislativa/2013/5047/5047_texto_integral.pdf,True,False,,False
registrado,6480,Lei Complementar,733,2013,2013-10-10,,,originada de (PL),materia,5606,Matéria (PL),144,2013,,norma→matéria,False,,SEM_SINAL,analise,,,http://sapl.al.ro.leg.br/media/sapl/public/normajuridica/2013/6480/6480_texto_integral.pdf,http://sapl.al.ro.leg.br/media/sapl/public/materialegislativa/2013/5606/5606_texto_integral.pdf,False,False,,False
registrado,6481,Lei ordinária,3213,2013,2013-10-10,,,originada de (PL),materia,5341,Matéria (PL),947,2013,,norma→matéria,True,,ESCOPO,analise,,,http://sapl.al.ro.leg.br/media/sapl/public/normajuridica/2013/6481/6481_texto_integral.pdf,http://sapl.al.ro.leg.br/media/sapl/public/materialegislativa/2013/5341/5341_texto_integral.pdf,True,False,,False
registrado,6545,Lei ordinária,3258,2013,2013-11-25,,,originada de (PL),materia,5024,Matéria (PL),872,2013,,norma→matéria,True,,ESCOPO,analise,,,http://sapl.al.ro.leg.br/media/sapl/public/normajuridica/2013/6545/6545_texto_integral.pdf,http://sapl.al.ro.leg.br/media/sapl/public/materialegislativa/2013/5024/5024_texto_integral.pdf,True,False,,False
registrado,6639,Lei Complementar,762,2014,2014-02-27,,,originada de (PL),materia,6100,Matéria (PL),185,2014,,norma→matéria,True,,ESCOPO,analise,,,http://sapl.al.ro.leg.br/media/sapl/public/normajuridica/2014/6639/6639_texto_integral.pdf,http://sapl.al.ro.leg.br/media/sapl/public/materialegislativa/2014/6100/6100_texto_integral.pdf,True,False,,False
registrado,6640,Lei ordinária,3317,2014,2014-02-27,,,originada de (PL),materia,6101,Matéria (PL),1193,2014,,norma→matéria,True,,ESCOPO,analise,,,http://sapl.al.ro.leg.br/media/sapl/public/normajuridica/2014/6640/6640_texto_integral.pdf,http://sapl.al.ro.leg.br/media/sapl/public/materialegislativa/2014/6101/6101_texto_integral.pdf,True,False,,False
registrado,6689,Lei Complementar,770,2014,2014-04-07,3,,Revoga parcialmente,norma,5479,Lei Complementar,633,2011,2011-09-13,fonte→alvo,False,True,SEM_SINAL,analise,ESCOPO,analise,http://sapl.al.ro.leg.br/media/sapl/public/normajuridica/2014/6689/6689_texto_integral.pdf,http://sapl.al.ro.leg.br/media/sapl/public/normajuridica/2011/5479/5479_texto_integral.pdf,True,True,,False
registrado,6689,Lei Complementar,770,2014,2014-04-07,,,originada de (PL),materia,6131,Matéria (PL),186,2014,,norma→matéria,False,,SEM_SINAL,analise,,,http://sapl.al.ro.leg.br/media/sapl/public/normajuridica/2014/6689/6689_texto_integral.pdf,,True,False,,False
registrado,6870,Lei ordinária,3437,2014,2014-09-09,2,,Revoga integralmente,norma,3887,Lei ordinária,1861,2008,2008-01-10,fonte→alvo,True,False,ESCOPO,analise,SEM_SINAL,contexto,http://sapl.al.ro.leg.br/media/sapl/public/normajuridica/2014/6870/6870_texto_integral.pdf,http://sapl.al.ro.leg.br/media/sapl/public/normajuridica/2008/3887/3887_texto_integral.pdf,True,True,,False
registrado,6870,Lei ordinária,3437,2014,2014-09-09,1,,Altera,norma,5452,Lei ordinária,2555,2011,2011-09-15,fonte→alvo,True,False,ESCOPO,analise,SEM_SINAL,analise,http://sapl.al.ro.leg.br/media/sapl/public/normajuridica/2014/6870/6870_texto_integral.pdf,http://sapl.al.ro.leg.br/media/sapl/public/normajuridica/2011/5452/5452_texto_integral.pdf,True,True,,False
registrado,6870,Lei ordinária,3437,2014,2014-09-09,2,,Revoga integralmente,norma,5452,Lei ordinária,2555,2011,2011-09-15,fonte→alvo,True,False,ESCOPO,analise,SEM_SINAL,analise,http://sapl.al.ro.leg.br/media/sapl/public/normajuridica/2014/6870/6870_texto_integral.pdf,http://sapl.al.ro.leg.br/media/sapl/public/normajuridica/2011/5452/5452_texto_integral.pdf,True,True,,False
registrado,6870,Lei ordinária,3437,2014,2014-09-09,,,originada de (PL),materia,6494,Matéria (PL),1270,2014,,norma→matéria,True,,ESCOPO,analise,,,http://sapl.al.ro.leg.br/media/sapl/public/normajuridica/2014/6870/6870_texto_integral.pdf,http://sapl.al.ro.leg.br/media/sapl/public/materialegislativa/2014/6494/6494_texto_integral.pdf,True,False,,False
registrado,6903,Lei ordinária,3452,2014,2014-11-04,2,,Revoga integralmente,norma,5387,Lei ordinária,2531,2011,2011-07-25,fonte→alvo,False,True,SEM_SINAL,analise,ESCOPO,analise,http://sapl.al.ro.leg.br/media/sapl/public/normajuridica/2014/6903/6903_texto_integral.pdf,http://sapl.al.ro.leg.br/media/sapl/public/normajuridica/2011/5387/5387_texto_integral.pdf,True,True,,False
registrado,6903,Lei ordinária,3452,2014,2014-11-04,,,originada de (PL),materia,6787,Matéria (PL),1343,2014,,norma→matéria,False,,SEM_SINAL,analise,,,http://sapl.al.ro.leg.br/media/sapl/public/normajuridica/2014/6903/6903_texto_integral.pdf,http://sapl.al.ro.leg.br/media/sapl/public/materialegislativa/2014/6787/6787_texto_integral.pdf,True,False,,False
registrado,7092,Lei Complementar,823,2015,2015-06-03,6,,Ressalva,norma,6480,Lei Complementar,733,2013,2013-10-10,fonte→alvo,True,False,ESCOPO,analise,SEM_SINAL,analise,http://sapl.al.ro.leg.br/media/sapl/public/normajuridica/2015/7092/7092_texto_integral.pdf,http://sapl.al.ro.leg.br/media/sapl/public/normajuridica/2013/6480/6480_texto_integral.pdf,True,False,,False
registrado,7092,Lei Complementar,823,2015,2015-06-03,,,originada de (PL),materia,7156,Matéria (PL),4,2015,,norma→matéria,True,,ESCOPO,analise,,,http://sapl.al.ro.leg.br/media/sapl/public/normajuridica/2015/7092/7092_texto_integral.pdf,http://sapl.al.ro.leg.br/media/sapl/public/materialegislativa/2015/7156/7156_texto_integral.pdf,True,False,,False
registrado,7137,Lei ordinária,3591,2015,2015-07-15,,,originada de (PL),materia,7143,Matéria (PL),5,2015,,norma→matéria,True,,ESCOPO,analise,,,http://sapl.al.ro.leg.br/media/sapl/public/normajuridica/2015/7137/7137_texto_integral.pdf,http://sapl.al.ro.leg.br/media/sapl/public/materialegislativa/2015/7143/7143_texto_integral.pdf,True,False,,False
registrado,7145,Lei Complementar,827,2015,2015-07-15,,,originada de (PL),materia,7970,Matéria (PL),21,2015,,norma→matéria,False,,SEM_SINAL,analise,,,http://sapl.al.ro.leg.br/media/sapl/public/normajuridica/2015/7145/7145_texto_integral.pdf,http://sapl.al.ro.leg.br/media/sapl/public/materialegislativa/2015/7970/7970_texto_integral.pdf,False,False,,False
registrado,7173,Lei ordinária,3612,2015,2015-09-15,,,originada de (PL),materia,7570,Matéria (PL),80,2015,,norma→matéria,True,,ESCOPO,analise,,,http://sapl.al.ro.leg.br/media/sapl/public/normajuridica/2015/7173/7173_texto_integral.pdf,http://sapl.al.ro.leg.br/media/sapl/public/materialegislativa/2015/7570/7570_texto_integral.pdf,True,False,,False
inferido,7202,Decreto Legislativo,602,2015,2015-09-30,,,modifica (INFERIDO: verbo 'suspende'),norma,5424,Lei ordinária,2541,2011,2011-08-16,fonte→alvo,False,True,SEM_SINAL,analise,ESCOPO,analise,http://sapl.al.ro.leg.br/media/sapl/public/normajuridica/2015/7202/7202_texto_integral.pdf,http://sapl.al.ro.leg.br/media/sapl/public/normajuridica/2011/5424/5424_texto_integral.pdf,True,True,citação na ementa; vínculo NÃO registrado no SAPL,False
registrado,7202,Decreto Legislativo,602,2015,2015-09-30,,,originada de (PL),materia,8413,Matéria (PL),24,2015,,norma→matéria,False,,SEM_SINAL,analise,,,http://sapl.al.ro.leg.br/media/sapl/public/normajuridica/2015/7202/7202_texto_integral.pdf,http://sapl.al.ro.leg.br/media/sapl/public/materialegislativa/2015/8413/8413_texto_integral.pdf,True,False,,False
registrado,7234,Lei ordinária,3646,2015,2015-10-26,,,originada de (PL),materia,8052,Matéria (PL),137,2015,,norma→matéria,True,,ESCOPO,analise,,,http://sapl.al.ro.leg.br/media/sapl/public/normajuridica/2015/7234/7234_texto_integral.pdf,http://sapl.al.ro.leg.br/media/sapl/public/materialegislativa/2015/8052/8052_texto_integral.pdf,True,False,,False
registrado,7250,Lei ordinária,3655,2015,2015-11-09,,,originada de (PL),materia,7837,Matéria (PL),115,2015,,norma→matéria,True,,ESCOPO,analise,,,http://sapl.al.ro.leg.br/media/sapl/public/normajuridica/2015/7250/7250_texto_integral.pdf,http://sapl.al.ro.leg.br/media/sapl/public/materialegislativa/2015/7837/7837_texto_integral.pdf,True,False,,False
registrado,7252,Lei ordinária,3653,2015,2015-11-09,,,originada de (PL),materia,8129,Matéria (PL),150,2015,,norma→matéria,True,,ESCOPO,analise,,,http://sapl.al.ro.leg.br/media/sapl/public/normajuridica/2015/7252/7252_texto_integral.pdf,http://sapl.al.ro.leg.br/media/sapl/public/materialegislativa/2015/8129/8129_texto_integral.pdf,True,False,,False
registrado,7283,Lei ordinária,3672,2015,2015-11-27,1,,Altera,norma,7252,Lei ordinária,3653,2015,2015-11-09,fonte→alvo,False,True,SEM_SINAL,analise,ESCOPO,analise,http://sapl.al.ro.leg.br/media/sapl/public/normajuridica/2015/7283/7283_texto_integral.pdf,http://sapl.al.ro.leg.br/media/sapl/public/normajuridica/2015/7252/7252_texto_integral.pdf,True,True,,False
registrado,7283,Lei ordinária,3672,2015,2015-11-27,,,originada de (PL),materia,9236,Matéria (PL),218,2015,,norma→matéria,False,,SEM_SINAL,analise,,,http://sapl.al.ro.leg.br/media/sapl/public/normajuridica/2015/7283/7283_texto_integral.pdf,http://sapl.al.ro.leg.br/media/sapl/public/materialegislativa/2015/9236/9236_texto_integral.pdf,True,False,,False
registrado,7291,Lei ordinária,3679,2015,2015-11-30,,,originada de (PL),materia,7958,Matéria (PL),130,2015,,norma→matéria,True,,ESCOPO,analise,,,http://sapl.al.ro.leg.br/media/sapl/public/normajuridica/2015/7291/7291_texto_integral.pdf,http://sapl.al.ro.leg.br/media/sapl/public/materialegislativa/2015/7958/7958_texto_integral.pdf,True,False,,False
registrado,7303,Lei ordinária,3686,2015,2015-12-08,,,originada de (PL),materia,9254,Matéria (PL),229,2015,,norma→matéria,True,,ESCOPO,analise,,,http://sapl.al.ro.leg.br/media/sapl/public/normajuridica/2015/7303/7303_texto_integral.pdf,http://sapl.al.ro.leg.br/media/sapl/public/materialegislativa/2015/9254/9254_texto_integral.pdf,False,False,,False
registrado,7422,Lei ordinária,3769,2016,2016-03-21,1,,Altera,norma,7303,Lei ordinária,3686,2015,2015-12-08,fonte→alvo,True,True,ESCOPO,analise,ESCOPO,analise,http://sapl.al.ro.leg.br/media/sapl/public/normajuridica/2016/7422/7422_texto_integral.pdf,http://sapl.al.ro.leg.br/media/sapl/public/normajuridica/2015/7303/7303_texto_integral.pdf,False,False,,False
registrado,7422,Lei ordinária,3769,2016,2016-03-21,,,originada de (PL),materia,9946,Matéria (PL),319,2016,,norma→matéria,True,,ESCOPO,analise,,,http://sapl.al.ro.leg.br/media/sapl/public/normajuridica/2016/7422/7422_texto_integral.pdf,http://sapl.al.ro.leg.br/media/sapl/public/materialegislativa/2016/9946/9946_texto_integral.pdf,False,False,,False
registrado,7442,Lei ordinária,3773,2016,2016-03-31,,,originada de (PL),materia,9014,Matéria (PL),203,2015,,norma→matéria,True,,ESCOPO,analise,,,http://sapl.al.ro.leg.br/media/sapl/public/normajuridica/2016/7442/7442_texto_integral.pdf,http://sapl.al.ro.leg.br/media/sapl/public/materialegislativa/2015/9014/9014_texto_integral.pdf,True,False,,False
registrado,7568,Lei Complementar,891,2016,2016-07-04,1,,Altera,norma,5584,Lei Complementar,647,2011,2011-12-20,fonte→alvo,True,False,ESCOPO,analise,REVISAR,analise,http://sapl.al.ro.leg.br/media/sapl/public/normajuridica/2016/7568/7568_texto_integral.pdf,http://sapl.al.ro.leg.br/media/sapl/public/normajuridica/2011/5584/5584_texto_integral.pdf,True,False,,False
registrado,7568,Lei Complementar,891,2016,2016-07-04,1,,Altera,norma,7145,Lei Complementar,827,2015,2015-07-15,fonte→alvo,True,False,ESCOPO,analise,SEM_SINAL,analise,http://sapl.al.ro.leg.br/media/sapl/public/normajuridica/2016/7568/7568_texto_integral.pdf,http://sapl.al.ro.leg.br/media/sapl/public/normajuridica/2015/7145/7145_texto_integral.pdf,True,False,,False
registrado,7568,Lei Complementar,891,2016,2016-07-04,,,originada de (PL),materia,10815,Matéria (PL),100,2016,,norma→matéria,True,,ESCOPO,analise,,,http://sapl.al.ro.leg.br/media/sapl/public/normajuridica/2016/7568/7568_texto_integral.pdf,http://sapl.al.ro.leg.br/media/sapl/public/materialegislativa/2016/10815/10815_texto_integral.pdf,True,False,,False
registrado,7580,Lei Complementar,892,2016,2016-07-04,1,,Altera,norma,366,Lei Complementar,233,2000,2000-06-06,fonte→alvo,True,False,ESCOPO,analise,ESCOPO,contexto,http://sapl.al.ro.leg.br/media/sapl/public/normajuridica/2016/7580/7580_texto_integral.pdf,http://sapl.al.ro.leg.br/media/sapl/public/normajuridica/2000/366/366_texto_integral.pdf,True,True,,False
registrado,7580,Lei Complementar,892,2016,2016-07-04,,,originada de (PL),materia,10816,Matéria (PL),101,2016,,norma→matéria,True,,ESCOPO,analise,,,http://sapl.al.ro.leg.br/media/sapl/public/normajuridica/2016/7580/7580_texto_integral.pdf,http://sapl.al.ro.leg.br/media/sapl/public/materialegislativa/2016/10816/10816_texto_integral.pdf,True,False,,False
registrado,7659,Resolução,353,2016,2016-09-06,,,originada de (PL),materia,9952,Matéria (PL),50,2016,,norma→matéria,True,,ESCOPO,analise,,,http://sapl.al.ro.leg.br/media/sapl/public/normajuridica/2016/7659/7659_texto_integral.pdf,http://sapl.al.ro.leg.br/media/sapl/public/materialegislativa/2016/9952/9952_texto_integral.pdf,True,False,,False
registrado,7686,Lei ordinária,3918,2016,2016-10-14,,,originada de (PL),materia,10333,Matéria (PL),352,2016,,norma→matéria,True,,ESCOPO,analise,,,http://sapl.al.ro.leg.br/media/sapl/public/normajuridica/2016/7686/7686_texto_integral.pdf,http://sapl.al.ro.leg.br/media/sapl/public/materialegislativa/2016/10333/10333_texto_integral.pdf,True,False,,False
registrado,7693,Lei ordinária,3925,2016,2016-10-17,,,originada de (PL),materia,11678,Matéria (PL),490,2016,,norma→matéria,True,,ESCOPO,analise,,,http://sapl.al.ro.leg.br/media/sapl/public/normajuridica/2016/7693/7693_texto_integral.pdf,http://sapl.al.ro.leg.br/media/sapl/public/materialegislativa/2016/11678/11678_texto_integral.pdf,True,False,,False
registrado,7718,Lei Complementar,904,2016,2016-11-03,,,originada de (PL),materia,10456,Matéria (PL),81,2016,,norma→matéria,True,,ESCOPO,analise,,,http://sapl.al.ro.leg.br/media/sapl/public/normajuridica/2016/7718/7718_texto_integral.pdf,http://sapl.al.ro.leg.br/media/sapl/public/materialegislativa/2016/10456/10456_texto_integral.pdf,True,False,,False
registrado,7741,Lei ordinária,3935,2016,2016-11-28,,,originada de (PL),materia,10270,Matéria (PL),345,2016,,norma→matéria,True,,ESCOPO,analise,,,http://sapl.al.ro.leg.br/media/sapl/public/normajuridica/2016/7741/7741_texto_integral.pdf,http://sapl.al.ro.leg.br/media/sapl/public/materialegislativa/2016/10270/10270_texto_integral.pdf,True,False,,False
registrado,7755,Lei ordinária,3945,2016,2016-12-12,,,originada de (PL),materia,12096,Matéria (PL),527,2016,,norma→matéria,True,,ESCOPO,analise,,,http://sapl.al.ro.leg.br/media/sapl/public/normajuridica/2016/7755/7755_texto_integral.pdf,http://sapl.al.ro.leg.br/media/sapl/public/materialegislativa/2016/12096/12096_texto_integral.pdf,True,False,,False
registrado,7758,Lei ordinária,3943,2016,2016-12-12,,,originada de (PL),materia,12098,Matéria (PL),528,2016,,norma→matéria,True,,ESCOPO,analise,,,http://sapl.al.ro.leg.br/media/sapl/public/normajuridica/2016/7758/7758_texto_integral.pdf,http://sapl.al.ro.leg.br/media/sapl/public/materialegislativa/2016/12098/12098_texto_integral.pdf,True,False,,False
registrado,7759,Lei ordinária,3941,2016,2016-12-12,1,,Altera,norma,7303,Lei ordinária,3686,2015,2015-12-08,fonte→alvo,True,True,ESCOPO,analise,ESCOPO,analise,http://sapl.al.ro.leg.br/media/sapl/public/normajuridica/2016/7759/7759_texto_integral.pdf,http://sapl.al.ro.leg.br/media/sapl/public/normajuridica/2015/7303/7303_texto_integral.pdf,False,False,,False
registrado,7759,Lei ordinária,3941,2016,2016-12-12,,,originada de (PL),materia,12092,Matéria (PL),522,2016,,norma→matéria,True,,ESCOPO,analise,,,http://sapl.al.ro.leg.br/media/sapl/public/normajuridica/2016/7759/7759_texto_integral.pdf,http://sapl.al.ro.leg.br/media/sapl/public/materialegislativa/2016/12092/12092_texto_integral.pdf,False,False,,False
registrado,7761,Lei Complementar,918,2016,2016-12-19,1,,Altera,norma,5479,Lei Complementar,633,2011,2011-09-13,fonte→alvo,False,True,SEM_SINAL,analise,ESCOPO,analise,http://sapl.al.ro.leg.br/media/sapl/public/normajuridica/2016/7761/7761_texto_integral.pdf,http://sapl.al.ro.leg.br/media/sapl/public/normajuridica/2011/5479/5479_texto_integral.pdf,True,True,,False
registrado,7761,Lei Complementar,918,2016,2016-12-19,,,originada de (PL),materia,11705,Matéria (PL),117,2016,,norma→matéria,False,,SEM_SINAL,analise,,,http://sapl.al.ro.leg.br/media/sapl/public/normajuridica/2016/7761/7761_texto_integral.pdf,http://sapl.al.ro.leg.br/media/sapl/public/materialegislativa/2016/11705/11705_texto_integral.pdf,True,False,,False
registrado,7914,Lei ordinária,4044,2017,2017-04-24,1,,Altera,norma,7693,Lei ordinária,3925,2016,2016-10-17,fonte→alvo,True,True,ESCOPO,analise,ESCOPO,analise,http://sapl.al.ro.leg.br/media/sapl/public/normajuridica/2017/7914/7914_texto_integral.pdf,http://sapl.al.ro.leg.br/media/sapl/public/normajuridica/2016/7693/7693_texto_integral.pdf,True,True,,False
registrado,7914,Lei ordinária,4044,2017,2017-04-24,,,originada de (PL),materia,12239,Matéria (PL),563,2017,,norma→matéria,True,,ESCOPO,analise,,,http://sapl.al.ro.leg.br/media/sapl/public/normajuridica/2017/7914/7914_texto_integral.pdf,http://sapl.al.ro.leg.br/media/sapl/public/materialegislativa/2017/12239/12239_texto_integral.pdf,True,False,,False
registrado,8053,Lei ordinária,4131,2017,2017-09-14,1,,Altera,norma,7303,Lei ordinária,3686,2015,2015-12-08,fonte→alvo,True,True,ESCOPO,analise,ESCOPO,analise,http://sapl.al.ro.leg.br/media/sapl/public/normajuridica/2017/8053/8053_texto_integral.pdf,http://sapl.al.ro.leg.br/media/sapl/public/normajuridica/2015/7303/7303_texto_integral.pdf,True,False,,False
registrado,8053,Lei ordinária,4131,2017,2017-09-14,,,originada de (PL),materia,13119,Matéria (PL),677,2017,,norma→matéria,True,,ESCOPO,analise,,,http://sapl.al.ro.leg.br/media/sapl/public/normajuridica/2017/8053/8053_texto_integral.pdf,http://sapl.al.ro.leg.br/media/sapl/public/materialegislativa/2017/13119/13119_texto_integral.pdf,True,False,,False
registrado,8137,Lei ordinária,4141,2017,2017-09-21,,,originada de (PL),materia,12891,Matéria (PL),645,2017,,norma→matéria,True,,ESCOPO,analise,,,http://sapl.al.ro.leg.br/media/sapl/public/normajuridica/2017/8137/8137_texto_integral.pdf,http://sapl.al.ro.leg.br/media/sapl/public/materialegislativa/2017/12891/12891_texto_integral.pdf,True,False,,False
registrado,8222,Lei ordinária,4223,2017,2017-12-18,1,,Altera,norma,3868,Lei ordinária,1841,2007,2007-12-28,fonte→alvo,True,False,ESCOPO,analise,ESCOPO,contexto,http://sapl.al.ro.leg.br/media/sapl/public/normajuridica/2017/8222/8222_texto_integral.pdf,http://sapl.al.ro.leg.br/media/sapl/public/normajuridica/2007/3868/3868_texto_integral.pdf,True,True,,False
registrado,8222,Lei ordinária,4223,2017,2017-12-18,,,originada de (PL),materia,14590,Matéria (PL),855,2017,,norma→matéria,True,,ESCOPO,analise,,,http://sapl.al.ro.leg.br/media/sapl/public/normajuridica/2017/8222/8222_texto_integral.pdf,http://sapl.al.ro.leg.br/media/sapl/public/materialegislativa/2017/14590/14590_texto_integral.pdf,True,False,,False
registrado,8238,Lei ordinária,4228,2017,2017-12-21,,,originada de (PL),materia,14127,Matéria (PL),791,2017,,norma→matéria,True,,ESCOPO,analise,,,http://sapl.al.ro.leg.br/media/sapl/public/normajuridica/2017/8238/8238_texto_integral.pdf,http://sapl.al.ro.leg.br/media/sapl/public/materialegislativa/2017/14127/14127_texto_integral.pdf,True,False,,False
registrado,8262,Decreto Legislativo,790,2018,2018-03-28,,,originada de (PL),materia,15370,Matéria (PL),242,2018,,norma→matéria,True,,ESCOPO,analise,,,http://sapl.al.ro.leg.br/media/sapl/public/normajuridica/2018/8262/8262_texto_integral.pdf,http://sapl.al.ro.leg.br/media/sapl/public/materialegislativa/2018/15370/15370_texto_integral.pdf,True,False,,False
registrado,8263,Decreto Legislativo,791,2018,2018-03-28,,,originada de (PL),materia,15371,Matéria (PL),243,2018,,norma→matéria,True,,ESCOPO,analise,,,http://sapl.al.ro.leg.br/media/sapl/public/normajuridica/2018/8263/8263_texto_integral.pdf,http://sapl.al.ro.leg.br/media/sapl/public/materialegislativa/2018/15371/15371_texto_integral.pdf,True,False,,False
registrado,8264,Decreto Legislativo,792,2018,2018-03-28,,,originada de (PL),materia,15372,Matéria (PL),244,2018,,norma→matéria,True,,ESCOPO,analise,,,http://sapl.al.ro.leg.br/media/sapl/public/normajuridica/2018/8264/8264_texto_integral.pdf,http://sapl.al.ro.leg.br/media/sapl/public/materialegislativa/2018/15372/15372_texto_integral.pdf,True,False,,False
registrado,8265,Decreto Legislativo,793,2018,2018-03-28,,,originada de (PL),materia,15373,Matéria (PL),245,2018,,norma→matéria,True,,ESCOPO,analise,,,http://sapl.al.ro.leg.br/media/sapl/public/normajuridica/2018/8265/8265_texto_integral.pdf,http://sapl.al.ro.leg.br/media/sapl/public/materialegislativa/2018/15373/15373_texto_integral.pdf,True,False,,False
registrado,8266,Decreto Legislativo,794,2018,2018-03-28,,,originada de (PL),materia,15374,Matéria (PL),246,2018,,norma→matéria,True,,ESCOPO,analise,,,http://sapl.al.ro.leg.br/media/sapl/public/normajuridica/2018/8266/8266_texto_integral.pdf,http://sapl.al.ro.leg.br/media/sapl/public/materialegislativa/2018/15374/15374_texto_integral.pdf,True,False,,False
registrado,8267,Decreto Legislativo,795,2018,2018-03-28,,,originada de (PL),materia,15375,Matéria (PL),247,2018,,norma→matéria,True,,ESCOPO,analise,,,http://sapl.al.ro.leg.br/media/sapl/public/normajuridica/2018/8267/8267_texto_integral.pdf,http://sapl.al.ro.leg.br/media/sapl/public/materialegislativa/2018/15375/15375_texto_integral.pdf,True,False,,False
registrado,8268,Decreto Legislativo,796,2018,2018-03-28,,,originada de (PL),materia,15376,Matéria (PL),248,2018,,norma→matéria,True,,ESCOPO,analise,,,http://sapl.al.ro.leg.br/media/sapl/public/normajuridica/2018/8268/8268_texto_integral.pdf,http://sapl.al.ro.leg.br/media/sapl/public/materialegislativa/2018/15376/15376_texto_integral.pdf,True,False,,False
registrado,8269,Decreto Legislativo,797,2018,2018-03-28,,,originada de (PL),materia,15377,Matéria (PL),249,2018,,norma→matéria,True,,ESCOPO,analise,,,http://sapl.al.ro.leg.br/media/sapl/public/normajuridica/2018/8269/8269_texto_integral.pdf,http://sapl.al.ro.leg.br/media/sapl/public/materialegislativa/2018/15377/15377_texto_integral.pdf,True,False,,False
registrado,8270,Decreto Legislativo,798,2018,2018-03-28,,,originada de (PL),materia,15378,Matéria (PL),250,2018,,norma→matéria,True,,ESCOPO,analise,,,http://sapl.al.ro.leg.br/media/sapl/public/normajuridica/2018/8270/8270_texto_integral.pdf,http://sapl.al.ro.leg.br/media/sapl/public/materialegislativa/2018/15378/15378_texto_integral.pdf,True,False,,False
registrado,8271,Decreto Legislativo,799,2018,2018-03-28,,,originada de (PL),materia,15379,Matéria (PL),251,2018,,norma→matéria,True,,ESCOPO,analise,,,http://sapl.al.ro.leg.br/media/sapl/public/normajuridica/2018/8271/8271_texto_integral.pdf,http://sapl.al.ro.leg.br/media/sapl/public/materialegislativa/2018/15379/15379_texto_integral.pdf,True,False,,False
registrado,8272,Decreto Legislativo,800,2018,2018-03-28,,,originada de (PL),materia,15380,Matéria (PL),252,2018,,norma→matéria,True,,ESCOPO,analise,,,http://sapl.al.ro.leg.br/media/sapl/public/normajuridica/2018/8272/8272_texto_integral.pdf,http://sapl.al.ro.leg.br/media/sapl/public/materialegislativa/2018/15380/15380_texto_integral.pdf,True,False,,False
registrado,8294,Lei ordinária,4247,2018,2018-04-05,,,originada de (PL),materia,14141,Matéria (PL),800,2017,,norma→matéria,True,,ESCOPO,analise,,,http://sapl.al.ro.leg.br/media/sapl/public/normajuridica/2018/8294/8294_texto_integral.pdf,http://sapl.al.ro.leg.br/media/sapl/public/materialegislativa/2017/14141/14141_texto_integral.pdf,True,False,,False
registrado,8291,Decreto Legislativo,804,2018,2018-04-06,,,originada de (PL),materia,15424,Matéria (PL),255,2018,,norma→matéria,True,,ESCOPO,analise,,,http://sapl.al.ro.leg.br/media/sapl/public/normajuridica/2018/8291/8291_texto_integral.pdf,http://sapl.al.ro.leg.br/media/sapl/public/materialegislativa/2018/15424/15424_texto_integral.pdf,True,False,,False
registrado,8310,Decreto Legislativo,818,2018,2018-04-12,,,originada de (PL),materia,15329,Matéria (PL),240,2018,,norma→matéria,True,,ESCOPO,analise,,,http://sapl.al.ro.leg.br/media/sapl/public/normajuridica/2018/8310/8310_texto_integral.pdf,http://sapl.al.ro.leg.br/media/sapl/public/materialegislativa/2018/15329/15329_texto_integral.pdf,True,False,,False
inferido,8320,Lei Complementar,974,2018,2018-04-16,,,modifica (INFERIDO: verbo 'altera'),norma,5479,Lei Complementar,633,2011,2011-09-13,fonte→alvo,True,True,ESCOPO,analise,ESCOPO,analise,http://sapl.al.ro.leg.br/media/sapl/public/normajuridica/2018/8320/8320_texto_integral.pdf,http://sapl.al.ro.leg.br/media/sapl/public/normajuridica/2011/5479/5479_texto_integral.pdf,True,True,citação na ementa; vínculo NÃO registrado no SAPL,False
registrado,8320,Lei Complementar,974,2018,2018-04-16,,,originada de (PL),materia,10833,Matéria (PL),102,2016,,norma→matéria,True,,ESCOPO,analise,,,http://sapl.al.ro.leg.br/media/sapl/public/normajuridica/2018/8320/8320_texto_integral.pdf,http://sapl.al.ro.leg.br/media/sapl/public/materialegislativa/2016/10833/10833_texto_integral.pdf,True,False,,False
registrado,8352,Lei ordinária,4273,2018,2018-05-14,1,,Altera,norma,7741,Lei ordinária,3935,2016,2016-11-28,fonte→alvo,True,True,ESCOPO,analise,ESCOPO,analise,http://sapl.al.ro.leg.br/media/sapl/public/normajuridica/2018/8352/8352_texto_integral.pdf,http://sapl.al.ro.leg.br/media/sapl/public/normajuridica/2016/7741/7741_texto_integral.pdf,True,True,,False
registrado,8352,Lei ordinária,4273,2018,2018-05-14,,,originada de (PL),materia,15141,Matéria (PL),863,2018,,norma→matéria,True,,ESCOPO,analise,,,http://sapl.al.ro.leg.br/media/sapl/public/normajuridica/2018/8352/8352_texto_integral.pdf,http://sapl.al.ro.leg.br/media/sapl/public/materialegislativa/2018/15141/15141_texto_integral.pdf,True,False,,False
registrado,8373,Lei ordinária,4283,2018,2018-05-16,1,,Altera,norma,8053,Lei ordinária,4131,2017,2017-09-14,fonte→alvo,True,True,ESCOPO,analise,ESCOPO,analise,http://sapl.al.ro.leg.br/media/sapl/public/normajuridica/2018/8373/8373_texto_integral.pdf,http://sapl.al.ro.leg.br/media/sapl/public/normajuridica/2017/8053/8053_texto_integral.pdf,True,True,,False
inferido,8373,Lei ordinária,4283,2018,2018-05-16,,,modifica (INFERIDO: verbo 'acrescenta'),norma,7303,Lei ordinária,3686,2015,2015-12-08,fonte→alvo,True,True,ESCOPO,analise,ESCOPO,analise,http://sapl.al.ro.leg.br/media/sapl/public/normajuridica/2018/8373/8373_texto_integral.pdf,http://sapl.al.ro.leg.br/media/sapl/public/normajuridica/2015/7303/7303_texto_integral.pdf,True,False,citação na ementa; vínculo NÃO registrado no SAPL,False
registrado,8373,Lei ordinária,4283,2018,2018-05-16,,,originada de (PL),materia,15583,Matéria (PL),936,2018,,norma→matéria,True,,ESCOPO,analise,,,http://sapl.al.ro.leg.br/media/sapl/public/normajuridica/2018/8373/8373_texto_integral.pdf,http://sapl.al.ro.leg.br/media/sapl/public/materialegislativa/2018/15583/15583_texto_integral.pdf,True,False,,False
inferido,8475,Lei Complementar,982,2018,2018-06-29,,,modifica (INFERIDO: verbo 'revoga'),norma,5019,Lei Complementar,581,2010,2010-06-30,fonte→alvo,False,True,SEM_SINAL,analise,ESCOPO,analise,http://sapl.al.ro.leg.br/media/sapl/public/normajuridica/2018/8475/8475_texto_integral.pdf,http://sapl.al.ro.leg.br/media/sapl/public/normajuridica/2010/5019/5019_texto_integral.pdf,True,True,citação na ementa; vínculo NÃO registrado no SAPL,False
registrado,8475,Lei Complementar,982,2018,2018-06-29,,,originada de (PL),materia,15442,Matéria (PL),205,2018,,norma→matéria,False,,SEM_SINAL,analise,,,http://sapl.al.ro.leg.br/media/sapl/public/normajuridica/2018/8475/8475_texto_integral.pdf,http://sapl.al.ro.leg.br/media/sapl/public/materialegislativa/2018/15442/15442_texto_integral.pdf,True,False,,False
registrado,8484,Lei ordinária,4324,2018,2018-07-03,1,,Altera,norma,3015,Lei ordinária,1038,2002,2002-01-22,fonte→alvo,True,False,ESCOPO,analise,PROVAVEL,contexto,http://sapl.al.ro.leg.br/media/sapl/public/normajuridica/2018/8484/8484_texto_integral.pdf,http://sapl.al.ro.leg.br/media/sapl/public/normajuridica/2002/3015/3015_texto_integral.pdf,True,True,,False
registrado,8484,Lei ordinária,4324,2018,2018-07-03,,,originada de (PL),materia,15598,Matéria (PL),931,2018,,norma→matéria,True,,ESCOPO,analise,,,http://sapl.al.ro.leg.br/media/sapl/public/normajuridica/2018/8484/8484_texto_integral.pdf,http://sapl.al.ro.leg.br/media/sapl/public/materialegislativa/2018/15598/15598_texto_integral.pdf,True,False,,False
registrado,8506,Lei ordinária,4339,2018,2018-07-31,,,originada de (PL),materia,15884,Matéria (PL),991,2018,,norma→matéria,True,,ESCOPO,analise,,,http://sapl.al.ro.leg.br/media/sapl/public/normajuridica/2018/8506/8506_texto_integral.pdf,http://sapl.al.ro.leg.br/media/sapl/public/materialegislativa/2018/15884/15884_texto_integral.pdf,True,False,,False
registrado,8567,Lei ordinária,4379,2018,2018-09-28,,,originada de (PL),materia,16132,Matéria (PL),1062,2018,,norma→matéria,True,,ESCOPO,analise,,,http://sapl.al.ro.leg.br/media/sapl/public/normajuridica/2018/8567/8567_texto_integral.pdf,http://sapl.al.ro.leg.br/media/sapl/public/materialegislativa/2018/16132/16132_texto_integral.pdf,True,False,,False
registrado,8586,Lei Complementar,999,2018,2018-10-16,,,originada de (PL),materia,16195,Matéria (PL),242,2018,,norma→matéria,True,,ESCOPO,analise,,,http://sapl.al.ro.leg.br/media/sapl/public/normajuridica/2018/8586/lc_999_TULPsqu.pdf,http://sapl.al.ro.leg.br/media/sapl/public/materialegislativa/2018/16195/16195_texto_integral.pdf,True,False,,False
inferido,8764,Decreto Legislativo,1034,2018,2018-12-13,,,modifica (INFERIDO: verbo 'suspende'),norma,7741,Lei ordinária,3935,2016,2016-11-28,fonte→alvo,False,True,SEM_SINAL,analise,ESCOPO,analise,http://sapl.al.ro.leg.br/media/sapl/public/normajuridica/2018/8764/decreto_legislativo_no_1034.pdf,http://sapl.al.ro.leg.br/media/sapl/public/normajuridica/2016/7741/7741_texto_integral.pdf,True,True,citação na ementa; vínculo NÃO registrado no SAPL,False
registrado,8764,Decreto Legislativo,1034,2018,2018-12-13,,,originada de (PL),materia,16540,Matéria (PL),452,2018,,norma→matéria,False,,SEM_SINAL,analise,,,http://sapl.al.ro.leg.br/media/sapl/public/normajuridica/2018/8764/decreto_legislativo_no_1034.pdf,http://sapl.al.ro.leg.br/media/sapl/public/materialegislativa/2018/16540/pdl_452-2018.pdf,True,False,,False
registrado,8909,Lei ordinária,4513,2019,2019-06-07,,,originada de (PL),materia,16631,Matéria (PL),9,2019,,norma→matéria,True,,ESCOPO,analise,,,http://sapl.al.ro.leg.br/media/sapl/public/normajuridica/2019/8909/l4513.pdf,http://sapl.al.ro.leg.br/media/sapl/public/materialegislativa/2019/16631/pl_009-19.pdf,True,False,,False
inferido,9000,Lei ordinária,4564,2019,2019-08-23,,,modifica (INFERIDO: verbo 'acrescenta'),norma,7303,Lei ordinária,3686,2015,2015-12-08,fonte→alvo,True,True,ESCOPO,analise,ESCOPO,analise,http://sapl.al.ro.leg.br/media/sapl/public/normajuridica/2019/9000/l_4564.pdf,http://sapl.al.ro.leg.br/media/sapl/public/normajuridica/2015/7303/7303_texto_integral.pdf,True,False,citação na ementa; vínculo NÃO registrado no SAPL,False
registrado,9000,Lei ordinária,4564,2019,2019-08-23,,,originada de (PL),materia,16924,Matéria (PL),19,2019,,norma→matéria,True,,ESCOPO,analise,,,http://sapl.al.ro.leg.br/media/sapl/public/normajuridica/2019/9000/l_4564.pdf,http://sapl.al.ro.leg.br/media/sapl/public/materialegislativa/2019/16924/pl._019-19.pdf,True,False,,False
registrado,9119,Lei ordinária,4610,2019,2019-10-15,2,,Revoga integralmente,norma,1413,Lei ordinária,890,2000,2000-04-24,fonte→alvo,True,False,ESCOPO,analise,ESCOPO,contexto,http://sapl.al.ro.leg.br/media/sapl/public/normajuridica/2019/9119/l_4610.pdf,http://sapl.al.ro.leg.br/media/sapl/public/normajuridica/2000/1413/1413_texto_integral.pdf,True,True,,False
registrado,9119,Lei ordinária,4610,2019,2019-10-15,,,originada de (PL),materia,18242,Matéria (PL),253,2019,,norma→matéria,True,,ESCOPO,analise,,,http://sapl.al.ro.leg.br/media/sapl/public/normajuridica/2019/9119/l_4610.pdf,http://sapl.al.ro.leg.br/media/sapl/public/materialegislativa/2019/18242/pl_253-19.pdf,True,False,,False
registrado,9120,Lei ordinária,4611,2019,2019-10-15,,,originada de (PL),materia,18241,Matéria (PL),252,2019,,norma→matéria,True,,ESCOPO,analise,,,http://sapl.al.ro.leg.br/media/sapl/public/normajuridica/2019/9120/l_4611.pdf,http://sapl.al.ro.leg.br/media/sapl/public/materialegislativa/2019/18241/pl_252-19.pdf,True,False,,False
registrado,9152,Lei ordinária,4632,2019,2019-10-31,,,originada de (PL),materia,17489,Matéria (PL),110,2019,,norma→matéria,True,,ESCOPO,analise,,,http://sapl.al.ro.leg.br/media/sapl/public/normajuridica/2019/9152/doc00097120191111085703.pdf,http://sapl.al.ro.leg.br/media/sapl/public/materialegislativa/2019/17489/pl_110-19_2LZAWii.pdf,True,False,,False
registrado,9174,Lei ordinária,4643,2019,2019-11-07,,,originada de (PL),materia,19042,Matéria (PL),323,2019,,norma→matéria,True,,ESCOPO,analise,,,http://sapl.al.ro.leg.br/media/sapl/public/normajuridica/2019/9174/lo_4643.pdf,http://sapl.al.ro.leg.br/media/sapl/public/materialegislativa/2019/19042/pl_323-19_-_msg_226.pdf,True,False,,False
registrado,9209,Lei ordinária,4664,2019,2019-11-28,1,,Altera,norma,7755,Lei ordinária,3945,2016,2016-12-12,fonte→alvo,True,True,ESCOPO,analise,ESCOPO,analise,http://sapl.al.ro.leg.br/media/sapl/public/normajuridica/2019/9209/l_4664.pdf,http://sapl.al.ro.leg.br/media/sapl/public/normajuridica/2016/7755/7755_texto_integral.pdf,True,True,,False
registrado,9209,Lei ordinária,4664,2019,2019-11-28,,,originada de (PL),materia,18243,Matéria (PL),254,2019,,norma→matéria,True,,ESCOPO,analise,,,http://sapl.al.ro.leg.br/media/sapl/public/normajuridica/2019/9209/l_4664.pdf,http://sapl.al.ro.leg.br/media/sapl/public/materialegislativa/2019/18243/pl_254-19.pdf,True,False,,False
registrado,9215,Lei ordinária,4670,2019,2019-12-06,,,originada de (PL),materia,18730,Matéria (PL),285,2019,,norma→matéria,True,,ESCOPO,analise,,,http://sapl.al.ro.leg.br/media/sapl/public/normajuridica/2019/9215/l_4670.pdf,http://sapl.al.ro.leg.br/media/sapl/public/materialegislativa/2019/18730/pl_285-19.pdf,True,False,,False
registrado,9301,Lei ordinária,4725,2020,2020-04-06,,,originada de (PL),materia,18461,Matéria (PL),269,2019,,norma→matéria,True,,ESCOPO,analise,,,http://sapl.al.ro.leg.br/media/sapl/public/normajuridica/2020/9301/l4725.pdf,http://sapl.al.ro.leg.br/media/sapl/public/materialegislativa/2019/18461/pl_269-19_SemuMMg.pdf,True,False,,False
registrado,9466,Lei ordinária,4844,2020,2020-09-01,1,,Altera,norma,5399,Lei ordinária,2508,2011,2011-07-06,fonte→alvo,True,True,ESCOPO,analise,ESCOPO,analise,http://sapl.al.ro.leg.br/media/sapl/public/normajuridica/2020/9466/l4844.pdf,http://sapl.al.ro.leg.br/media/sapl/public/normajuridica/2011/5399/5399_texto_integral.pdf,True,True,,False
registrado,9466,Lei ordinária,4844,2020,2020-09-01,,,originada de (PL),materia,19289,Matéria (PL),361,2019,,norma→matéria,True,,ESCOPO,analise,,,http://sapl.al.ro.leg.br/media/sapl/public/normajuridica/2020/9466/l4844.pdf,http://sapl.al.ro.leg.br/media/sapl/public/materialegislativa/2019/19289/pl_361.pdf,True,False,,False
registrado,9530,Lei ordinária,4887,2020,2020-11-24,1,,Altera,norma,7303,Lei ordinária,3686,2015,2015-12-08,fonte→alvo,True,True,ESCOPO,analise,ESCOPO,analise,http://sapl.al.ro.leg.br/media/sapl/public/normajuridica/2020/9530/l_4887.pdf,http://sapl.al.ro.leg.br/media/sapl/public/normajuridica/2015/7303/7303_texto_integral.pdf,True,False,,False
registrado,9530,Lei ordinária,4887,2020,2020-11-24,,,originada de (PL),materia,21461,Matéria (PL),772,2020,,norma→matéria,True,,ESCOPO,analise,,,http://sapl.al.ro.leg.br/media/sapl/public/normajuridica/2020/9530/l_4887.pdf,http://sapl.al.ro.leg.br/media/sapl/public/materialegislativa/2020/21461/pl_772.pdf,True,False,,False
inferido,9726,Lei Complementar,1089,2021,2021-05-20,,,modifica (INFERIDO: verbo 'revoga'),norma,3123,Lei ordinária,1146,2002,2002-12-12,fonte→alvo,True,False,ESCOPO,analise,ESCOPO,contexto,http://sapl.al.ro.leg.br/media/sapl/public/normajuridica/2021/9726/lc1089.pdf,http://sapl.al.ro.leg.br/media/sapl/public/normajuridica/2002/3123/3123_texto_integral.pdf,True,True,citação na ementa; vínculo NÃO registrado no SAPL,False
registrado,9726,Lei Complementar,1089,2021,2021-05-20,,,originada de (PL),materia,22364,Matéria (PL),80,2020,,norma→matéria,True,,ESCOPO,analise,,,http://sapl.al.ro.leg.br/media/sapl/public/normajuridica/2021/9726/lc1089.pdf,http://sapl.al.ro.leg.br/media/sapl/public/materialegislativa/2020/22364/msg_204_-_plc_080.pdf,True,False,,False
inferido,9854,Lei Complementar,1094,2021,2021-07-30,,,modifica (INFERIDO: verbo 'revoga'),norma,9726,Lei Complementar,1089,2021,2021-05-20,fonte→alvo,True,True,ESCOPO,analise,ESCOPO,analise,http://sapl.al.ro.leg.br/media/sapl/public/normajuridica/2021/9854/lc_1.094.pdf,http://sapl.al.ro.leg.br/media/sapl/public/normajuridica/2021/9726/lc1089.pdf,True,True,citação na ementa; vínculo NÃO registrado no SAPL,False
registrado,9854,Lei Complementar,1094,2021,2021-07-30,,,originada de (PL),materia,24814,Matéria (PL),104,2021,,norma→matéria,True,,ESCOPO,analise,,,http://sapl.al.ro.leg.br/media/sapl/public/normajuridica/2021/9854/lc_1.094.pdf,http://sapl.al.ro.leg.br/media/sapl/public/materialegislativa/2021/24814/plc_104-21.pdf,True,False,,False
inferido,9855,Lei Complementar,1095,2021,2021-07-30,,,modifica (INFERIDO: verbo 'dá nova redação'),norma,9726,Lei Complementar,1089,2021,2021-05-20,fonte→alvo,True,True,ESCOPO,analise,ESCOPO,analise,http://sapl.al.ro.leg.br/media/sapl/public/normajuridica/2021/9855/lc_1.095.pdf,http://sapl.al.ro.leg.br/media/sapl/public/normajuridica/2021/9726/lc1089.pdf,True,True,citação na ementa; vínculo NÃO registrado no SAPL,False
registrado,9855,Lei Complementar,1095,2021,2021-07-30,,,originada de (PL),materia,24815,Matéria (PL),105,2021,,norma→matéria,True,,ESCOPO,analise,,,http://sapl.al.ro.leg.br/media/sapl/public/normajuridica/2021/9855/lc_1.095.pdf,http://sapl.al.ro.leg.br/media/sapl/public/materialegislativa/2021/24815/plc_105-21.pdf,True,False,,False
inferido,9856,Lei Complementar,1096,2021,2021-07-30,,,modifica (INFERIDO: verbo 'altera'),norma,9726,Lei Complementar,1089,2021,2021-05-20,fonte→alvo,True,True,ESCOPO,analise,ESCOPO,analise,http://sapl.al.ro.leg.br/media/sapl/public/normajuridica/2021/9856/lc_1.096.pdf,http://sapl.al.ro.leg.br/media/sapl/public/normajuridica/2021/9726/lc1089.pdf,True,True,citação na ementa; vínculo NÃO registrado no SAPL,False
registrado,9856,Lei Complementar,1096,2021,2021-07-30,,,originada de (PL),materia,24966,Matéria (PL),106,2021,,norma→matéria,True,,ESCOPO,analise,,,http://sapl.al.ro.leg.br/media/sapl/public/normajuridica/2021/9856/lc_1.096.pdf,http://sapl.al.ro.leg.br/media/sapl/public/materialegislativa/2021/24966/plc_106-21.pdf,True,False,,False
registrado,10075,Decreto Legislativo,1422,2021,2021-10-27,11,,Suspende integralmente,norma,4356,Lei ordinária,2027,2009,2009-01-19,suspensor→suspenso,True,False,ESCOPO,analise,ESCOPO,contexto,http://sapl.al.ro.leg.br/media/sapl/public/normajuridica/2021/10075/dl_1.422-21.pdf,http://sapl.al.ro.leg.br/media/sapl/public/normajuridica/2009/4356/4356_texto_integral.pdf,True,True,DL=suspensor (direção invertida no SAPL),True
inferido,10075,Decreto Legislativo,1422,2021,2021-10-27,,,modifica (INFERIDO: verbo 'suspende'),norma,4356,Lei ordinária,2027,2009,2009-01-19,fonte→alvo,True,False,ESCOPO,analise,ESCOPO,contexto,http://sapl.al.ro.leg.br/media/sapl/public/normajuridica/2021/10075/dl_1.422-21.pdf,http://sapl.al.ro.leg.br/media/sapl/public/normajuridica/2009/4356/4356_texto_integral.pdf,True,True,citação na ementa; vínculo NÃO registrado no SAPL,False
registrado,10075,Decreto Legislativo,1422,2021,2021-10-27,,,originada de (PL),materia,26736,Matéria (PL),431,2021,,norma→matéria,True,,ESCOPO,analise,,,http://sapl.al.ro.leg.br/media/sapl/public/normajuridica/2021/10075/dl_1.422-21.pdf,http://sapl.al.ro.leg.br/media/sapl/public/materialegislativa/2021/26736/pdl_431-21.pdf,True,False,,False
registrado,10268,Lei ordinária,5225,2021,2021-12-22,1,,Altera,norma,7758,Lei ordinária,3943,2016,2016-12-12,fonte→alvo,True,True,ESCOPO,analise,ESCOPO,analise,http://sapl.al.ro.leg.br/media/sapl/public/normajuridica/2021/10268/l5225.pdf,http://sapl.al.ro.leg.br/media/sapl/public/normajuridica/2016/7758/7758_texto_integral.pdf,True,True,,False
registrado,10268,Lei ordinária,5225,2021,2021-12-22,,,originada de (PL),materia,27394,Matéria (PL),137,2021,,norma→matéria,True,,ESCOPO,analise,,,http://sapl.al.ro.leg.br/media/sapl/public/normajuridica/2021/10268/l5225.pdf,http://sapl.al.ro.leg.br/media/sapl/public/materialegislativa/2021/27394/plc_137-21.pdf,True,False,,False
registrado,10363,Lei ordinária,5267,2022,2022-01-12,,,originada de (PL),materia,21466,Matéria (PL),777,2020,,norma→matéria,True,,ESCOPO,analise,,,http://sapl.al.ro.leg.br/media/sapl/public/normajuridica/2022/10363/l5267.pdf,http://sapl.al.ro.leg.br/media/sapl/public/materialegislativa/2020/21466/pl_777.pdf,True,False,,False
registrado,10376,Lei ordinária,5280,2022,2022-01-12,2,,Revoga integralmente,norma,6870,Lei ordinária,3437,2014,2014-09-09,fonte→alvo,False,True,PROVAVEL,analise,ESCOPO,analise,http://sapl.al.ro.leg.br/media/sapl/public/normajuridica/2022/10376/l5280.pdf,http://sapl.al.ro.leg.br/media/sapl/public/normajuridica/2014/6870/6870_texto_integral.pdf,True,True,,False
registrado,10376,Lei ordinária,5280,2022,2022-01-12,,,originada de (PL),materia,27341,Matéria (PL),1505,2021,,norma→matéria,False,,PROVAVEL,analise,,,http://sapl.al.ro.leg.br/media/sapl/public/normajuridica/2022/10376/l5280.pdf,http://sapl.al.ro.leg.br/media/sapl/public/materialegislativa/2021/27341/pl_1505-21.pdf,True,False,,False
registrado,10377,Lei ordinária,5281,2022,2022-01-12,,,originada de (PL),materia,25742,Matéria (PL),1324,2021,,norma→matéria,True,,ESCOPO,analise,,,http://sapl.al.ro.leg.br/media/sapl/public/normajuridica/2022/10377/l5281.pdf,http://sapl.al.ro.leg.br/media/sapl/public/materialegislativa/2021/25742/pl_1324-21.pdf,True,False,,False
registrado,10470,Lei ordinária,5318,2022,2022-03-28,,,originada de (PL),materia,26725,Matéria (PL),1450,2021,,norma→matéria,True,,ESCOPO,analise,,,http://sapl.al.ro.leg.br/media/sapl/public/normajuridica/2022/10470/lei_n5.318-22.pdf,http://sapl.al.ro.leg.br/media/sapl/public/materialegislativa/2021/26725/pl_1450-21.pdf,True,False,,False
registrado,10545,Lei Complementar,1148,2022,2022-04-01,,,originada de (PL),materia,28469,Matéria (PL),170,2022,,norma→matéria,True,,ESCOPO,analise,,,http://sapl.al.ro.leg.br/media/sapl/public/normajuridica/2022/10545/lc1148.pdf,http://sapl.al.ro.leg.br/media/sapl/public/materialegislativa/2022/28469/plc_170-22.pdf,True,False,,False
registrado,10919,Lei ordinária,5392,2022,2022-07-12,,,originada de (PL),materia,24831,Matéria (PL),1130,2021,,norma→matéria,True,,ESCOPO,analise,,,http://sapl.al.ro.leg.br/media/sapl/public/normajuridica/2022/10919/l_5392-22.pdf,http://sapl.al.ro.leg.br/media/sapl/public/materialegislativa/2021/24831/pl_1130-21.pdf,True,False,,False
registrado,10960,Lei ordinária,5429,2022,2022-09-26,,,originada de (PL),materia,28331,Matéria (PL),1561,2022,,norma→matéria,True,,ESCOPO,analise,,,http://sapl.al.ro.leg.br/media/sapl/public/normajuridica/2022/10960/l_5429-22.pdf,http://sapl.al.ro.leg.br/media/sapl/public/materialegislativa/2022/28331/pl_1561-22.pdf,True,False,,False
inferido,11199,Lei ordinária,5489,2022,2022-12-20,,,modifica (INFERIDO: verbo 'acrescenta'),norma,7303,Lei ordinária,3686,2015,2015-12-08,fonte→alvo,True,True,ESCOPO,analise,ESCOPO,analise,http://sapl.al.ro.leg.br/media/sapl/public/normajuridica/2022/11199/l_5489-22.pdf,http://sapl.al.ro.leg.br/media/sapl/public/normajuridica/2015/7303/7303_texto_integral.pdf,True,False,citação na ementa; vínculo NÃO registrado no SAPL,False
registrado,11199,Lei ordinária,5489,2022,2022-12-20,,,originada de (PL),materia,30625,Matéria (PL),1719,2022,,norma→matéria,True,,ESCOPO,analise,,,http://sapl.al.ro.leg.br/media/sapl/public/normajuridica/2022/11199/l_5489-22.pdf,http://sapl.al.ro.leg.br/media/sapl/public/materialegislativa/2022/30625/pl_1719-22.pdf,True,False,,False
registrado,11221,Lei ordinária,5510,2022,2022-12-21,1,,Altera,norma,7303,Lei ordinária,3686,2015,2015-12-08,fonte→alvo,True,True,ESCOPO,analise,ESCOPO,analise,http://sapl.al.ro.leg.br/media/sapl/public/normajuridica/2022/11221/l5510.pdf,http://sapl.al.ro.leg.br/media/sapl/public/normajuridica/2015/7303/7303_texto_integral.pdf,True,False,,False
registrado,11221,Lei ordinária,5510,2022,2022-12-21,,,originada de (PL),materia,30805,Matéria (PL),1728,2022,,norma→matéria,True,,ESCOPO,analise,,,http://sapl.al.ro.leg.br/media/sapl/public/normajuridica/2022/11221/l5510.pdf,http://sapl.al.ro.leg.br/media/sapl/public/materialegislativa/2022/30805/pl_1728-22.pdf,True,False,,False
registrado,11263,Decreto Legislativo,2104,2023,2023-01-18,11,,Suspende integralmente,norma,9000,Lei ordinária,4564,2019,2019-08-23,suspensor→suspenso,True,True,ESCOPO,analise,ESCOPO,analise,http://sapl.al.ro.leg.br/media/sapl/public/normajuridica/2023/11263/dl_2104-23.pdf,http://sapl.al.ro.leg.br/media/sapl/public/normajuridica/2019/9000/l_4564.pdf,True,True,DL=suspensor (direção invertida no SAPL),True
inferido,11263,Decreto Legislativo,2104,2023,2023-01-18,,,modifica (INFERIDO: verbo 'suspende'),norma,9000,Lei ordinária,4564,2019,2019-08-23,fonte→alvo,True,True,ESCOPO,analise,ESCOPO,analise,http://sapl.al.ro.leg.br/media/sapl/public/normajuridica/2023/11263/dl_2104-23.pdf,http://sapl.al.ro.leg.br/media/sapl/public/normajuridica/2019/9000/l_4564.pdf,True,True,citação na ementa; vínculo NÃO registrado no SAPL,False
registrado,11263,Decreto Legislativo,2104,2023,2023-01-18,,,originada de (PL),materia,30614,Matéria (PL),912,2022,,norma→matéria,True,,ESCOPO,analise,,,http://sapl.al.ro.leg.br/media/sapl/public/normajuridica/2023/11263/dl_2104-23.pdf,http://sapl.al.ro.leg.br/media/sapl/public/materialegislativa/2022/30614/pdl_912-22..pdf,True,False,,False
registrado,11508,Lei ordinária,5567,2023,2023-06-22,2,,Revoga integralmente,norma,3868,Lei ordinária,1841,2007,2007-12-28,fonte→alvo,True,False,ESCOPO,analise,ESCOPO,contexto,http://sapl.al.ro.leg.br/media/sapl/public/normajuridica/2023/11508/l5567.pdf,http://sapl.al.ro.leg.br/media/sapl/public/normajuridica/2007/3868/3868_texto_integral.pdf,True,True,,False
registrado,11508,Lei ordinária,5567,2023,2023-06-22,,,originada de (PL),materia,27264,Matéria (PL),1487,2021,,norma→matéria,True,,ESCOPO,analise,,,http://sapl.al.ro.leg.br/media/sapl/public/normajuridica/2023/11508/l5567.pdf,http://sapl.al.ro.leg.br/media/sapl/public/materialegislativa/2021/27264/pl_1487-21.pdf,True,False,,False
registrado,11510,Lei Complementar,1193,2023,2023-06-22,,,originada de (PL),materia,32446,Matéria (PL),22,2023,,norma→matéria,True,,ESCOPO,analise,,,http://sapl.al.ro.leg.br/media/sapl/public/normajuridica/2023/11510/lc1193.pdf,http://sapl.al.ro.leg.br/media/sapl/public/materialegislativa/2023/32446/plc_22-23.pdf,True,False,,False
inferido,11607,Lei ordinária,5594,2023,2023-08-11,,,modifica (INFERIDO: verbo 'acrescenta'),norma,7303,Lei ordinária,3686,2015,2015-12-08,fonte→alvo,True,True,ESCOPO,analise,ESCOPO,analise,http://sapl.al.ro.leg.br/media/sapl/public/normajuridica/2023/11607/lei_5594-23.pdf,http://sapl.al.ro.leg.br/media/sapl/public/normajuridica/2015/7303/7303_texto_integral.pdf,True,False,citação na ementa; vínculo NÃO registrado no SAPL,False
registrado,11607,Lei ordinária,5594,2023,2023-08-11,,,originada de (PL),materia,31592,Matéria (PL),30,2023,,norma→matéria,True,,ESCOPO,analise,,,http://sapl.al.ro.leg.br/media/sapl/public/normajuridica/2023/11607/lei_5594-23.pdf,http://sapl.al.ro.leg.br/media/sapl/public/materialegislativa/2023/31592/pl_30-23.pdf,True,False,,False
inferido,11637,Lei ordinária,5611,2023,2023-09-05,,,modifica (INFERIDO: verbo 'altera'),norma,7303,Lei ordinária,3686,2015,2015-12-08,fonte→alvo,True,True,ESCOPO,analise,ESCOPO,analise,http://sapl.al.ro.leg.br/media/sapl/public/normajuridica/2023/11637/l_5611-23.pdf,http://sapl.al.ro.leg.br/media/sapl/public/normajuridica/2015/7303/7303_texto_integral.pdf,True,False,citação na ementa; vínculo NÃO registrado no SAPL,False
registrado,11637,Lei ordinária,5611,2023,2023-09-05,,,originada de (PL),materia,32990,Matéria (PL),106,2023,,norma→matéria,True,,ESCOPO,analise,,,http://sapl.al.ro.leg.br/media/sapl/public/normajuridica/2023/11637/l_5611-23.pdf,http://sapl.al.ro.leg.br/media/sapl/public/materialegislativa/2023/32990/pl_106-23.pdf,True,False,,False
registrado,11664,Lei ordinária,5623,2023,2023-09-22,,,originada de (PL),materia,31350,Matéria (PL),9,2023,,norma→matéria,True,,ESCOPO,analise,,,http://sapl.al.ro.leg.br/media/sapl/public/normajuridica/2023/11664/l5623.pdf,http://sapl.al.ro.leg.br/media/sapl/public/materialegislativa/2023/31350/pl_09-23.pdf,True,False,,False
registrado,11891,Lei ordinária,5698,2023,2023-12-18,,,originada de (PL),materia,33831,Matéria (PL),194,2023,,norma→matéria,True,,ESCOPO,analise,,,http://sapl.al.ro.leg.br/media/sapl/public/normajuridica/2023/11891/l5698.pdf,http://sapl.al.ro.leg.br/media/sapl/public/materialegislativa/2023/33831/pl_194-23.pdf,False,False,,False
registrado,12004,Lei ordinária,5762,2024,2024-04-19,,,originada de (PL),materia,32459,Matéria (PL),87,2023,,norma→matéria,True,,ESCOPO,analise,,,http://sapl.al.ro.leg.br/media/sapl/public/normajuridica/2024/12004/l5762.pdf,http://sapl.al.ro.leg.br/media/sapl/public/materialegislativa/2023/32459/pl_87-23.pdf,True,False,,False
registrado,12192,Lei ordinária,5838,2024,2024-07-29,1,,Altera,norma,7303,Lei ordinária,3686,2015,2015-12-08,fonte→alvo,True,True,ESCOPO,analise,ESCOPO,analise,http://sapl.al.ro.leg.br/media/sapl/public/normajuridica/2024/12192/l5838.pdf,http://sapl.al.ro.leg.br/media/sapl/public/normajuridica/2015/7303/7303_texto_integral.pdf,True,False,,False
registrado,12192,Lei ordinária,5838,2024,2024-07-29,,,originada de (PL),materia,38066,Matéria (PL),377,2024,,norma→matéria,True,,ESCOPO,analise,,,http://sapl.al.ro.leg.br/media/sapl/public/normajuridica/2024/12192/l5838.pdf,http://sapl.al.ro.leg.br/media/sapl/public/materialegislativa/2024/38066/pl_377-24.pdf,True,False,,False
registrado,12259,Lei ordinária,5883,2024,2024-10-01,,,originada de (PL),materia,40797,Matéria (PL),618,2024,,norma→matéria,True,,ESCOPO,analise,,,http://sapl.al.ro.leg.br/media/sapl/public/normajuridica/2024/12259/l5883.pdf,http://sapl.al.ro.leg.br/media/sapl/public/materialegislativa/2024/40797/pl_618-24.pdf,True,False,,False
inferido,12479,Lei ordinária,5983,2025,2025-01-31,,,modifica (INFERIDO: verbo 'revoga'),norma,12259,Lei ordinária,5883,2024,2024-10-01,fonte→alvo,True,True,ESCOPO,analise,ESCOPO,analise,http://sapl.al.ro.leg.br/media/sapl/public/normajuridica/2025/12479/lei_5.983.pdf,http://sapl.al.ro.leg.br/media/sapl/public/normajuridica/2024/12259/l5883.pdf,True,True,citação na ementa; vínculo NÃO registrado no SAPL,False
registrado,12479,Lei ordinária,5983,2025,2025-01-31,,,originada de (PL),materia,42832,Matéria (PL),680,2024,,norma→matéria,True,,ESCOPO,analise,,,http://sapl.al.ro.leg.br/media/sapl/public/normajuridica/2025/12479/lei_5.983.pdf,http://sapl.al.ro.leg.br/media/sapl/public/materialegislativa/2024/42832/pl_680-24.pdf,True,False,,False
registrado,12580,Resolução,626,2025,2025-04-21,,,originada de (PL),materia,46517,Matéria (PL),113,2025,,norma→matéria,True,,ESCOPO,analise,,,http://sapl.al.ro.leg.br/media/sapl/public/normajuridica/2025/12580/res_626-25..pdf,http://sapl.al.ro.leg.br/media/sapl/public/materialegislativa/2025/46517/pr_113-25.pdf,True,False,,False
registrado,12792,Lei Complementar,1287,2025,2025-06-24,,,originada de (PL),materia,47663,Matéria (PL),134,2025,,norma→matéria,True,,ESCOPO,analise,,,http://sapl.al.ro.leg.br/media/sapl/public/normajuridica/2025/12792/lc1287.pdf,http://sapl.al.ro.leg.br/media/sapl/public/materialegislativa/2025/47663/plc_134-25.pdf,True,False,,False
registrado,12891,Lei ordinária,6094,2025,2025-08-11,1,,Altera,norma,7755,Lei ordinária,3945,2016,2016-12-12,fonte→alvo,True,True,ESCOPO,analise,ESCOPO,analise,http://sapl.al.ro.leg.br/media/sapl/public/normajuridica/2025/12891/l6094.pdf,http://sapl.al.ro.leg.br/media/sapl/public/normajuridica/2016/7755/7755_texto_integral.pdf,True,True,,False
registrado,12891,Lei ordinária,6094,2025,2025-08-11,,,originada de (PL),materia,47671,Matéria (PL),877,2025,,norma→matéria,True,,ESCOPO,analise,,,http://sapl.al.ro.leg.br/media/sapl/public/normajuridica/2025/12891/l6094.pdf,http://sapl.al.ro.leg.br/media/sapl/public/materialegislativa/2025/47671/pl_877-25.pdf,True,False,,False
registrado,13397,Decreto Legislativo,2899,2025,2025-09-09,,,originada de (PL),materia,49680,Matéria (PL),860,2025,,norma→matéria,True,,ESCOPO,analise,,,http://sapl.al.ro.leg.br/media/sapl/public/normajuridica/2025/13397/dl_2.899-25.pdf,http://sapl.al.ro.leg.br/media/sapl/public/materialegislativa/2025/49680/pdl_860-25.pdf,True,False,,False
registrado,13307,Lei ordinária,6258,2025,2025-11-19,,,originada de (PL),materia,34555,Matéria (PL),275,2023,,norma→matéria,True,,ESCOPO,analise,,,http://sapl.al.ro.leg.br/media/sapl/public/normajuridica/2025/13307/lei_6.258-25.pdf,http://sapl.al.ro.leg.br/media/sapl/public/materialegislativa/2023/34555/pl_275-23.pdf,True,False,,False
registrado,13405,Lei Complementar,1318,2026,2026-02-09,,,originada de (PL),materia,53083,Matéria (PL),172,2026,,norma→matéria,True,,ESCOPO,analise,,,http://sapl.al.ro.leg.br/media/sapl/public/normajuridica/2026/13405/lc1318.pdf,http://sapl.al.ro.leg.br/media/sapl/public/materialegislativa/2026/53083/plc_172-26.pdf,True,False,,False
